Eddie’s Wallet targeted Release compile validation
Command: xcodebuild build -project EddysWallet.xcodeproj -scheme EddysWallet -configuration Release -destination generic/platform=iOS -derivedDataPath .build/no-mistakes-release-validation CODE_SIGNING_ALLOWED=NO CODE_SIGNING_REQUIRED=NO
Xcode 26.4
Build version 17E192
iPhoneOS SDK: 26.4
Command line invocation:
    /Applications/Xcode.app/Contents/Developer/usr/bin/xcodebuild build -project EddysWallet.xcodeproj -scheme EddysWallet -configuration Release -destination generic/platform=iOS -derivedDataPath /Users/kunchen/.no-mistakes/worktrees/5110830afc02/01KZ0KS1S4XXSH47HG72R29XRH/.build/no-mistakes-release-validation CODE_SIGNING_ALLOWED=NO CODE_SIGNING_REQUIRED=NO

Build settings from command line:
    CODE_SIGNING_ALLOWED = NO
    CODE_SIGNING_REQUIRED = NO

ComputePackagePrebuildTargetDependencyGraph

Prepare packages

CreateBuildRequest

SendProjectDescription

CreateBuildOperation

ComputeTargetDependencyGraph
note: Building targets in dependency order
note: Target dependency graph (1 target)
    Target 'EddysWallet' in project 'EddysWallet' (no dependencies)

GatherProvisioningInputs

CreateBuildDescription

ExecuteExternalTool /Applications/Xcode.app/Contents/Developer/Toolchains/XcodeDefault.xctoolchain/usr/bin/clang -v -E -dM -isysroot /Applications/Xcode.app/Contents/Developer/Platforms/iPhoneOS.platform/Developer/SDKs/iPhoneOS26.4.sdk -x c -c /dev/null

ExecuteExternalTool /Applications/Xcode.app/Contents/Developer/usr/bin/momc --dry-run --action generate --swift-version 5.0 --sdkroot /Applications/Xcode.app/Contents/Developer/Platforms/iPhoneOS.platform/Developer/SDKs/iPhoneOS26.4.sdk --iphoneos-deployment-target 17.0 --module EddysWallet /Users/kunchen/.no-mistakes/worktrees/5110830afc02/01KZ0KS1S4XXSH47HG72R29XRH/EddysWallet/Persistence/WalletModel.xcdatamodeld /Users/kunchen/.no-mistakes/worktrees/5110830afc02/01KZ0KS1S4XXSH47HG72R29XRH/.build/no-mistakes-release-validation/Build/Intermediates.noindex/EddysWallet.build/Release-iphoneos/EddysWallet.build/DerivedSources/CoreDataGenerated/WalletModel

ExecuteExternalTool /Applications/Xcode.app/Contents/Developer/usr/bin/actool --print-asset-tag-combinations --output-format xml1 /Users/kunchen/.no-mistakes/worktrees/5110830afc02/01KZ0KS1S4XXSH47HG72R29XRH/EddysWallet/Assets.xcassets

ExecuteExternalTool /Applications/Xcode.app/Contents/Developer/usr/bin/actool --version --output-format xml1

ExecuteExternalTool /Applications/Xcode.app/Contents/Developer/Toolchains/XcodeDefault.xctoolchain/usr/bin/swiftc --version

ExecuteExternalTool /Applications/Xcode.app/Contents/Developer/Toolchains/XcodeDefault.xctoolchain/usr/bin/ld -version_details

Build description signature: d863a52702dcf0881498add2a1c50dad
Build description path: /Users/kunchen/.no-mistakes/worktrees/5110830afc02/01KZ0KS1S4XXSH47HG72R29XRH/.build/no-mistakes-release-validation/Build/Intermediates.noindex/XCBuildData/d863a52702dcf0881498add2a1c50dad.xcbuilddata
ClangStatCache /Applications/Xcode.app/Contents/Developer/Toolchains/XcodeDefault.xctoolchain/usr/bin/clang-stat-cache /Applications/Xcode.app/Contents/Developer/Platforms/iPhoneOS.platform/Developer/SDKs/iPhoneOS26.4.sdk /Users/kunchen/.no-mistakes/worktrees/5110830afc02/01KZ0KS1S4XXSH47HG72R29XRH/.build/no-mistakes-release-validation/SDKStatCaches.noindex/iphoneos26.4-23E237-68a138bb55de9ba35ce6c8c40d12849e.sdkstatcache
    cd /Users/kunchen/.no-mistakes/worktrees/5110830afc02/01KZ0KS1S4XXSH47HG72R29XRH/EddysWallet.xcodeproj
    /Applications/Xcode.app/Contents/Developer/Toolchains/XcodeDefault.xctoolchain/usr/bin/clang-stat-cache /Applications/Xcode.app/Contents/Developer/Platforms/iPhoneOS.platform/Developer/SDKs/iPhoneOS26.4.sdk -o /Users/kunchen/.no-mistakes/worktrees/5110830afc02/01KZ0KS1S4XXSH47HG72R29XRH/.build/no-mistakes-release-validation/SDKStatCaches.noindex/iphoneos26.4-23E237-68a138bb55de9ba35ce6c8c40d12849e.sdkstatcache

CreateBuildDirectory /Users/kunchen/.no-mistakes/worktrees/5110830afc02/01KZ0KS1S4XXSH47HG72R29XRH/.build/no-mistakes-release-validation/Build/Products
    cd /Users/kunchen/.no-mistakes/worktrees/5110830afc02/01KZ0KS1S4XXSH47HG72R29XRH/EddysWallet.xcodeproj
    builtin-create-build-directory /Users/kunchen/.no-mistakes/worktrees/5110830afc02/01KZ0KS1S4XXSH47HG72R29XRH/.build/no-mistakes-release-validation/Build/Products

CreateBuildDirectory /Users/kunchen/.no-mistakes/worktrees/5110830afc02/01KZ0KS1S4XXSH47HG72R29XRH/.build/no-mistakes-release-validation/Build/Intermediates.noindex
    cd /Users/kunchen/.no-mistakes/worktrees/5110830afc02/01KZ0KS1S4XXSH47HG72R29XRH/EddysWallet.xcodeproj
    builtin-create-build-directory /Users/kunchen/.no-mistakes/worktrees/5110830afc02/01KZ0KS1S4XXSH47HG72R29XRH/.build/no-mistakes-release-validation/Build/Intermediates.noindex

CreateBuildDirectory /Users/kunchen/.no-mistakes/worktrees/5110830afc02/01KZ0KS1S4XXSH47HG72R29XRH/.build/no-mistakes-release-validation/Build/Intermediates.noindex/SwiftExplicitPrecompiledModules
    cd /Users/kunchen/.no-mistakes/worktrees/5110830afc02/01KZ0KS1S4XXSH47HG72R29XRH/EddysWallet.xcodeproj
    builtin-create-build-directory /Users/kunchen/.no-mistakes/worktrees/5110830afc02/01KZ0KS1S4XXSH47HG72R29XRH/.build/no-mistakes-release-validation/Build/Intermediates.noindex/SwiftExplicitPrecompiledModules

CreateBuildDirectory /Users/kunchen/.no-mistakes/worktrees/5110830afc02/01KZ0KS1S4XXSH47HG72R29XRH/.build/no-mistakes-release-validation/Build/Intermediates.noindex/ExplicitPrecompiledModules
    cd /Users/kunchen/.no-mistakes/worktrees/5110830afc02/01KZ0KS1S4XXSH47HG72R29XRH/EddysWallet.xcodeproj
    builtin-create-build-directory /Users/kunchen/.no-mistakes/worktrees/5110830afc02/01KZ0KS1S4XXSH47HG72R29XRH/.build/no-mistakes-release-validation/Build/Intermediates.noindex/ExplicitPrecompiledModules

CreateBuildDirectory /Users/kunchen/.no-mistakes/worktrees/5110830afc02/01KZ0KS1S4XXSH47HG72R29XRH/.build/no-mistakes-release-validation/Build/Products/Release-iphoneos
    cd /Users/kunchen/.no-mistakes/worktrees/5110830afc02/01KZ0KS1S4XXSH47HG72R29XRH/EddysWallet.xcodeproj
    builtin-create-build-directory /Users/kunchen/.no-mistakes/worktrees/5110830afc02/01KZ0KS1S4XXSH47HG72R29XRH/.build/no-mistakes-release-validation/Build/Products/Release-iphoneos

CreateBuildDirectory /Users/kunchen/.no-mistakes/worktrees/5110830afc02/01KZ0KS1S4XXSH47HG72R29XRH/.build/no-mistakes-release-validation/Build/Intermediates.noindex/EagerLinkingTBDs/Release-iphoneos
    cd /Users/kunchen/.no-mistakes/worktrees/5110830afc02/01KZ0KS1S4XXSH47HG72R29XRH/EddysWallet.xcodeproj
    builtin-create-build-directory /Users/kunchen/.no-mistakes/worktrees/5110830afc02/01KZ0KS1S4XXSH47HG72R29XRH/.build/no-mistakes-release-validation/Build/Intermediates.noindex/EagerLinkingTBDs/Release-iphoneos

WriteAuxiliaryFile /Users/kunchen/.no-mistakes/worktrees/5110830afc02/01KZ0KS1S4XXSH47HG72R29XRH/.build/no-mistakes-release-validation/Build/Intermediates.noindex/EddysWallet.build/Release-iphoneos/EddysWallet-8328b9c9450a229cad97c48770b39c62-VFS-iphoneos/all-product-headers.yaml
    cd /Users/kunchen/.no-mistakes/worktrees/5110830afc02/01KZ0KS1S4XXSH47HG72R29XRH/EddysWallet.xcodeproj
    write-file /Users/kunchen/.no-mistakes/worktrees/5110830afc02/01KZ0KS1S4XXSH47HG72R29XRH/.build/no-mistakes-release-validation/Build/Intermediates.noindex/EddysWallet.build/Release-iphoneos/EddysWallet-8328b9c9450a229cad97c48770b39c62-VFS-iphoneos/all-product-headers.yaml

WriteAuxiliaryFile /Users/kunchen/.no-mistakes/worktrees/5110830afc02/01KZ0KS1S4XXSH47HG72R29XRH/.build/no-mistakes-release-validation/Build/Intermediates.noindex/EddysWallet.build/Release-iphoneos/EddysWallet.build/EddysWallet.hmap (in target 'EddysWallet' from project 'EddysWallet')
    cd /Users/kunchen/.no-mistakes/worktrees/5110830afc02/01KZ0KS1S4XXSH47HG72R29XRH
    write-file /Users/kunchen/.no-mistakes/worktrees/5110830afc02/01KZ0KS1S4XXSH47HG72R29XRH/.build/no-mistakes-release-validation/Build/Intermediates.noindex/EddysWallet.build/Release-iphoneos/EddysWallet.build/EddysWallet.hmap

WriteAuxiliaryFile /Users/kunchen/.no-mistakes/worktrees/5110830afc02/01KZ0KS1S4XXSH47HG72R29XRH/.build/no-mistakes-release-validation/Build/Intermediates.noindex/EddysWallet.build/Release-iphoneos/EddysWallet.build/EddysWallet.DependencyStaticMetadataFileList (in target 'EddysWallet' from project 'EddysWallet')
    cd /Users/kunchen/.no-mistakes/worktrees/5110830afc02/01KZ0KS1S4XXSH47HG72R29XRH
    write-file /Users/kunchen/.no-mistakes/worktrees/5110830afc02/01KZ0KS1S4XXSH47HG72R29XRH/.build/no-mistakes-release-validation/Build/Intermediates.noindex/EddysWallet.build/Release-iphoneos/EddysWallet.build/EddysWallet.DependencyStaticMetadataFileList

WriteAuxiliaryFile /Users/kunchen/.no-mistakes/worktrees/5110830afc02/01KZ0KS1S4XXSH47HG72R29XRH/.build/no-mistakes-release-validation/Build/Intermediates.noindex/EddysWallet.build/Release-iphoneos/EddysWallet.build/EddysWallet.DependencyMetadataFileList (in target 'EddysWallet' from project 'EddysWallet')
    cd /Users/kunchen/.no-mistakes/worktrees/5110830afc02/01KZ0KS1S4XXSH47HG72R29XRH
    write-file /Users/kunchen/.no-mistakes/worktrees/5110830afc02/01KZ0KS1S4XXSH47HG72R29XRH/.build/no-mistakes-release-validation/Build/Intermediates.noindex/EddysWallet.build/Release-iphoneos/EddysWallet.build/EddysWallet.DependencyMetadataFileList

WriteAuxiliaryFile /Users/kunchen/.no-mistakes/worktrees/5110830afc02/01KZ0KS1S4XXSH47HG72R29XRH/.build/no-mistakes-release-validation/Build/Intermediates.noindex/EddysWallet.build/Release-iphoneos/EddysWallet.build/EddysWallet-project-headers.hmap (in target 'EddysWallet' from project 'EddysWallet')
    cd /Users/kunchen/.no-mistakes/worktrees/5110830afc02/01KZ0KS1S4XXSH47HG72R29XRH
    write-file /Users/kunchen/.no-mistakes/worktrees/5110830afc02/01KZ0KS1S4XXSH47HG72R29XRH/.build/no-mistakes-release-validation/Build/Intermediates.noindex/EddysWallet.build/Release-iphoneos/EddysWallet.build/EddysWallet-project-headers.hmap

WriteAuxiliaryFile /Users/kunchen/.no-mistakes/worktrees/5110830afc02/01KZ0KS1S4XXSH47HG72R29XRH/.build/no-mistakes-release-validation/Build/Intermediates.noindex/EddysWallet.build/Release-iphoneos/EddysWallet.build/empty-EddysWallet.plist (in target 'EddysWallet' from project 'EddysWallet')
    cd /Users/kunchen/.no-mistakes/worktrees/5110830afc02/01KZ0KS1S4XXSH47HG72R29XRH
    write-file /Users/kunchen/.no-mistakes/worktrees/5110830afc02/01KZ0KS1S4XXSH47HG72R29XRH/.build/no-mistakes-release-validation/Build/Intermediates.noindex/EddysWallet.build/Release-iphoneos/EddysWallet.build/empty-EddysWallet.plist

WriteAuxiliaryFile /Users/kunchen/.no-mistakes/worktrees/5110830afc02/01KZ0KS1S4XXSH47HG72R29XRH/.build/no-mistakes-release-validation/Build/Intermediates.noindex/EddysWallet.build/Release-iphoneos/EddysWallet.build/EddysWallet-own-target-headers.hmap (in target 'EddysWallet' from project 'EddysWallet')
    cd /Users/kunchen/.no-mistakes/worktrees/5110830afc02/01KZ0KS1S4XXSH47HG72R29XRH
    write-file /Users/kunchen/.no-mistakes/worktrees/5110830afc02/01KZ0KS1S4XXSH47HG72R29XRH/.build/no-mistakes-release-validation/Build/Intermediates.noindex/EddysWallet.build/Release-iphoneos/EddysWallet.build/EddysWallet-own-target-headers.hmap

WriteAuxiliaryFile /Users/kunchen/.no-mistakes/worktrees/5110830afc02/01KZ0KS1S4XXSH47HG72R29XRH/.build/no-mistakes-release-validation/Build/Intermediates.noindex/EddysWallet.build/Release-iphoneos/EddysWallet.build/EddysWallet-generated-files.hmap (in target 'EddysWallet' from project 'EddysWallet')
    cd /Users/kunchen/.no-mistakes/worktrees/5110830afc02/01KZ0KS1S4XXSH47HG72R29XRH
    write-file /Users/kunchen/.no-mistakes/worktrees/5110830afc02/01KZ0KS1S4XXSH47HG72R29XRH/.build/no-mistakes-release-validation/Build/Intermediates.noindex/EddysWallet.build/Release-iphoneos/EddysWallet.build/EddysWallet-generated-files.hmap

WriteAuxiliaryFile /Users/kunchen/.no-mistakes/worktrees/5110830afc02/01KZ0KS1S4XXSH47HG72R29XRH/.build/no-mistakes-release-validation/Build/Intermediates.noindex/EddysWallet.build/Release-iphoneos/EddysWallet.build/EddysWallet-all-target-headers.hmap (in target 'EddysWallet' from project 'EddysWallet')
    cd /Users/kunchen/.no-mistakes/worktrees/5110830afc02/01KZ0KS1S4XXSH47HG72R29XRH
    write-file /Users/kunchen/.no-mistakes/worktrees/5110830afc02/01KZ0KS1S4XXSH47HG72R29XRH/.build/no-mistakes-release-validation/Build/Intermediates.noindex/EddysWallet.build/Release-iphoneos/EddysWallet.build/EddysWallet-all-target-headers.hmap

WriteAuxiliaryFile /Users/kunchen/.no-mistakes/worktrees/5110830afc02/01KZ0KS1S4XXSH47HG72R29XRH/.build/no-mistakes-release-validation/Build/Intermediates.noindex/EddysWallet.build/Release-iphoneos/EddysWallet.build/Objects-normal/arm64/EddysWallet.SwiftFileList (in target 'EddysWallet' from project 'EddysWallet')
    cd /Users/kunchen/.no-mistakes/worktrees/5110830afc02/01KZ0KS1S4XXSH47HG72R29XRH
    write-file /Users/kunchen/.no-mistakes/worktrees/5110830afc02/01KZ0KS1S4XXSH47HG72R29XRH/.build/no-mistakes-release-validation/Build/Intermediates.noindex/EddysWallet.build/Release-iphoneos/EddysWallet.build/Objects-normal/arm64/EddysWallet.SwiftFileList

WriteAuxiliaryFile /Users/kunchen/.no-mistakes/worktrees/5110830afc02/01KZ0KS1S4XXSH47HG72R29XRH/.build/no-mistakes-release-validation/Build/Intermediates.noindex/EddysWallet.build/Release-iphoneos/EddysWallet.build/Objects-normal/arm64/EddysWallet.SwiftConstValuesFileList (in target 'EddysWallet' from project 'EddysWallet')
    cd /Users/kunchen/.no-mistakes/worktrees/5110830afc02/01KZ0KS1S4XXSH47HG72R29XRH
    write-file /Users/kunchen/.no-mistakes/worktrees/5110830afc02/01KZ0KS1S4XXSH47HG72R29XRH/.build/no-mistakes-release-validation/Build/Intermediates.noindex/EddysWallet.build/Release-iphoneos/EddysWallet.build/Objects-normal/arm64/EddysWallet.SwiftConstValuesFileList

WriteAuxiliaryFile /Users/kunchen/.no-mistakes/worktrees/5110830afc02/01KZ0KS1S4XXSH47HG72R29XRH/.build/no-mistakes-release-validation/Build/Intermediates.noindex/EddysWallet.build/Release-iphoneos/EddysWallet.build/Objects-normal/arm64/EddysWallet-OutputFileMap.json (in target 'EddysWallet' from project 'EddysWallet')
    cd /Users/kunchen/.no-mistakes/worktrees/5110830afc02/01KZ0KS1S4XXSH47HG72R29XRH
    write-file /Users/kunchen/.no-mistakes/worktrees/5110830afc02/01KZ0KS1S4XXSH47HG72R29XRH/.build/no-mistakes-release-validation/Build/Intermediates.noindex/EddysWallet.build/Release-iphoneos/EddysWallet.build/Objects-normal/arm64/EddysWallet-OutputFileMap.json

WriteAuxiliaryFile /Users/kunchen/.no-mistakes/worktrees/5110830afc02/01KZ0KS1S4XXSH47HG72R29XRH/.build/no-mistakes-release-validation/Build/Intermediates.noindex/EddysWallet.build/Release-iphoneos/EddysWallet.build/Objects-normal/arm64/EddysWallet_const_extract_protocols.json (in target 'EddysWallet' from project 'EddysWallet')
    cd /Users/kunchen/.no-mistakes/worktrees/5110830afc02/01KZ0KS1S4XXSH47HG72R29XRH
    write-file /Users/kunchen/.no-mistakes/worktrees/5110830afc02/01KZ0KS1S4XXSH47HG72R29XRH/.build/no-mistakes-release-validation/Build/Intermediates.noindex/EddysWallet.build/Release-iphoneos/EddysWallet.build/Objects-normal/arm64/EddysWallet_const_extract_protocols.json

WriteAuxiliaryFile /Users/kunchen/.no-mistakes/worktrees/5110830afc02/01KZ0KS1S4XXSH47HG72R29XRH/.build/no-mistakes-release-validation/Build/Intermediates.noindex/EddysWallet.build/Release-iphoneos/EddysWallet.build/Objects-normal/arm64/EddysWallet.LinkFileList (in target 'EddysWallet' from project 'EddysWallet')
    cd /Users/kunchen/.no-mistakes/worktrees/5110830afc02/01KZ0KS1S4XXSH47HG72R29XRH
    write-file /Users/kunchen/.no-mistakes/worktrees/5110830afc02/01KZ0KS1S4XXSH47HG72R29XRH/.build/no-mistakes-release-validation/Build/Intermediates.noindex/EddysWallet.build/Release-iphoneos/EddysWallet.build/Objects-normal/arm64/EddysWallet.LinkFileList

WriteAuxiliaryFile /Users/kunchen/.no-mistakes/worktrees/5110830afc02/01KZ0KS1S4XXSH47HG72R29XRH/.build/no-mistakes-release-validation/Build/Intermediates.noindex/EddysWallet.build/Release-iphoneos/EddysWallet.build/EddysWallet-all-non-framework-target-headers.hmap (in target 'EddysWallet' from project 'EddysWallet')
    cd /Users/kunchen/.no-mistakes/worktrees/5110830afc02/01KZ0KS1S4XXSH47HG72R29XRH
    write-file /Users/kunchen/.no-mistakes/worktrees/5110830afc02/01KZ0KS1S4XXSH47HG72R29XRH/.build/no-mistakes-release-validation/Build/Intermediates.noindex/EddysWallet.build/Release-iphoneos/EddysWallet.build/EddysWallet-all-non-framework-target-headers.hmap

MkDir /Users/kunchen/.no-mistakes/worktrees/5110830afc02/01KZ0KS1S4XXSH47HG72R29XRH/.build/no-mistakes-release-validation/Build/Products/Release-iphoneos/EddysWallet.app (in target 'EddysWallet' from project 'EddysWallet')
    cd /Users/kunchen/.no-mistakes/worktrees/5110830afc02/01KZ0KS1S4XXSH47HG72R29XRH
    /bin/mkdir -p /Users/kunchen/.no-mistakes/worktrees/5110830afc02/01KZ0KS1S4XXSH47HG72R29XRH/.build/no-mistakes-release-validation/Build/Products/Release-iphoneos/EddysWallet.app

DataModelCompile /Users/kunchen/.no-mistakes/worktrees/5110830afc02/01KZ0KS1S4XXSH47HG72R29XRH/.build/no-mistakes-release-validation/Build/Products/Release-iphoneos/EddysWallet.app/ /Users/kunchen/.no-mistakes/worktrees/5110830afc02/01KZ0KS1S4XXSH47HG72R29XRH/EddysWallet/Persistence/WalletModel.xcdatamodeld (in target 'EddysWallet' from project 'EddysWallet')
    cd /Users/kunchen/.no-mistakes/worktrees/5110830afc02/01KZ0KS1S4XXSH47HG72R29XRH
    /Applications/Xcode.app/Contents/Developer/usr/bin/momc --sdkroot /Applications/Xcode.app/Contents/Developer/Platforms/iPhoneOS.platform/Developer/SDKs/iPhoneOS26.4.sdk --iphoneos-deployment-target 17.0 --module EddysWallet /Users/kunchen/.no-mistakes/worktrees/5110830afc02/01KZ0KS1S4XXSH47HG72R29XRH/EddysWallet/Persistence/WalletModel.xcdatamodeld /Users/kunchen/.no-mistakes/worktrees/5110830afc02/01KZ0KS1S4XXSH47HG72R29XRH/.build/no-mistakes-release-validation/Build/Products/Release-iphoneos/EddysWallet.app/
WalletModelV1.xcdatamodel: note: Model WalletModelV1 version checksum: TvD3sDV8y0SL8aUlm1YS1/cnNq41DHM1A7/m6l1J/+k=

MkDir /Users/kunchen/.no-mistakes/worktrees/5110830afc02/01KZ0KS1S4XXSH47HG72R29XRH/.build/no-mistakes-release-validation/Build/Intermediates.noindex/EddysWallet.build/Release-iphoneos/EddysWallet.build/assetcatalog_output/unthinned (in target 'EddysWallet' from project 'EddysWallet')
    cd /Users/kunchen/.no-mistakes/worktrees/5110830afc02/01KZ0KS1S4XXSH47HG72R29XRH
    /bin/mkdir -p /Users/kunchen/.no-mistakes/worktrees/5110830afc02/01KZ0KS1S4XXSH47HG72R29XRH/.build/no-mistakes-release-validation/Build/Intermediates.noindex/EddysWallet.build/Release-iphoneos/EddysWallet.build/assetcatalog_output/unthinned

MkDir /Users/kunchen/.no-mistakes/worktrees/5110830afc02/01KZ0KS1S4XXSH47HG72R29XRH/.build/no-mistakes-release-validation/Build/Intermediates.noindex/EddysWallet.build/Release-iphoneos/EddysWallet.build/assetcatalog_output/thinned (in target 'EddysWallet' from project 'EddysWallet')
    cd /Users/kunchen/.no-mistakes/worktrees/5110830afc02/01KZ0KS1S4XXSH47HG72R29XRH
    /bin/mkdir -p /Users/kunchen/.no-mistakes/worktrees/5110830afc02/01KZ0KS1S4XXSH47HG72R29XRH/.build/no-mistakes-release-validation/Build/Intermediates.noindex/EddysWallet.build/Release-iphoneos/EddysWallet.build/assetcatalog_output/thinned

GenerateAssetSymbols /Users/kunchen/.no-mistakes/worktrees/5110830afc02/01KZ0KS1S4XXSH47HG72R29XRH/EddysWallet/Assets.xcassets (in target 'EddysWallet' from project 'EddysWallet')
    cd /Users/kunchen/.no-mistakes/worktrees/5110830afc02/01KZ0KS1S4XXSH47HG72R29XRH
    /Applications/Xcode.app/Contents/Developer/usr/bin/actool /Users/kunchen/.no-mistakes/worktrees/5110830afc02/01KZ0KS1S4XXSH47HG72R29XRH/EddysWallet/Assets.xcassets --compile /Users/kunchen/.no-mistakes/worktrees/5110830afc02/01KZ0KS1S4XXSH47HG72R29XRH/.build/no-mistakes-release-validation/Build/Products/Release-iphoneos/EddysWallet.app --output-format human-readable-text --notices --warnings --export-dependency-info /Users/kunchen/.no-mistakes/worktrees/5110830afc02/01KZ0KS1S4XXSH47HG72R29XRH/.build/no-mistakes-release-validation/Build/Intermediates.noindex/EddysWallet.build/Release-iphoneos/EddysWallet.build/assetcatalog_dependencies --output-partial-info-plist /Users/kunchen/.no-mistakes/worktrees/5110830afc02/01KZ0KS1S4XXSH47HG72R29XRH/.build/no-mistakes-release-validation/Build/Intermediates.noindex/EddysWallet.build/Release-iphoneos/EddysWallet.build/assetcatalog_generated_info.plist --app-icon AppIcon --compress-pngs --enable-on-demand-resources YES --development-region en --target-device iphone --target-device ipad --minimum-deployment-target 17.0 --platform iphoneos --bundle-identifier com.kunchenguid.eddieswallet --generate-swift-asset-symbol-extensions NO --generate-swift-asset-symbols /Users/kunchen/.no-mistakes/worktrees/5110830afc02/01KZ0KS1S4XXSH47HG72R29XRH/.build/no-mistakes-release-validation/Build/Intermediates.noindex/EddysWallet.build/Release-iphoneos/EddysWallet.build/DerivedSources/GeneratedAssetSymbols.swift --generate-objc-asset-symbols /Users/kunchen/.no-mistakes/worktrees/5110830afc02/01KZ0KS1S4XXSH47HG72R29XRH/.build/no-mistakes-release-validation/Build/Intermediates.noindex/EddysWallet.build/Release-iphoneos/EddysWallet.build/DerivedSources/GeneratedAssetSymbols.h --generate-asset-symbol-index /Users/kunchen/.no-mistakes/worktrees/5110830afc02/01KZ0KS1S4XXSH47HG72R29XRH/.build/no-mistakes-release-validation/Build/Intermediates.noindex/EddysWallet.build/Release-iphoneos/EddysWallet.build/DerivedSources/GeneratedAssetSymbols-Index.plist
/* com.apple.actool.compilation-results */
/Users/kunchen/.no-mistakes/worktrees/5110830afc02/01KZ0KS1S4XXSH47HG72R29XRH/.build/no-mistakes-release-validation/Build/Intermediates.noindex/EddysWallet.build/Release-iphoneos/EddysWallet.build/DerivedSources/GeneratedAssetSymbols-Index.plist
/Users/kunchen/.no-mistakes/worktrees/5110830afc02/01KZ0KS1S4XXSH47HG72R29XRH/.build/no-mistakes-release-validation/Build/Intermediates.noindex/EddysWallet.build/Release-iphoneos/EddysWallet.build/DerivedSources/GeneratedAssetSymbols.h
/Users/kunchen/.no-mistakes/worktrees/5110830afc02/01KZ0KS1S4XXSH47HG72R29XRH/.build/no-mistakes-release-validation/Build/Intermediates.noindex/EddysWallet.build/Release-iphoneos/EddysWallet.build/DerivedSources/GeneratedAssetSymbols.swift


DataModelCodegen /Users/kunchen/.no-mistakes/worktrees/5110830afc02/01KZ0KS1S4XXSH47HG72R29XRH/EddysWallet/Persistence/WalletModel.xcdatamodeld (in target 'EddysWallet' from project 'EddysWallet')
    cd /Users/kunchen/.no-mistakes/worktrees/5110830afc02/01KZ0KS1S4XXSH47HG72R29XRH
    /Applications/Xcode.app/Contents/Developer/usr/bin/momc --action generate --swift-version 5.0 --sdkroot /Applications/Xcode.app/Contents/Developer/Platforms/iPhoneOS.platform/Developer/SDKs/iPhoneOS26.4.sdk --iphoneos-deployment-target 17.0 --module EddysWallet /Users/kunchen/.no-mistakes/worktrees/5110830afc02/01KZ0KS1S4XXSH47HG72R29XRH/EddysWallet/Persistence/WalletModel.xcdatamodeld /Users/kunchen/.no-mistakes/worktrees/5110830afc02/01KZ0KS1S4XXSH47HG72R29XRH/.build/no-mistakes-release-validation/Build/Intermediates.noindex/EddysWallet.build/Release-iphoneos/EddysWallet.build/DerivedSources/CoreDataGenerated/WalletModel

CompileAssetCatalogVariant thinned /Users/kunchen/.no-mistakes/worktrees/5110830afc02/01KZ0KS1S4XXSH47HG72R29XRH/.build/no-mistakes-release-validation/Build/Products/Release-iphoneos/EddysWallet.app /Users/kunchen/.no-mistakes/worktrees/5110830afc02/01KZ0KS1S4XXSH47HG72R29XRH/EddysWallet/Assets.xcassets (in target 'EddysWallet' from project 'EddysWallet')
    cd /Users/kunchen/.no-mistakes/worktrees/5110830afc02/01KZ0KS1S4XXSH47HG72R29XRH
    /Applications/Xcode.app/Contents/Developer/usr/bin/actool /Users/kunchen/.no-mistakes/worktrees/5110830afc02/01KZ0KS1S4XXSH47HG72R29XRH/EddysWallet/Assets.xcassets --compile /Users/kunchen/.no-mistakes/worktrees/5110830afc02/01KZ0KS1S4XXSH47HG72R29XRH/.build/no-mistakes-release-validation/Build/Intermediates.noindex/EddysWallet.build/Release-iphoneos/EddysWallet.build/assetcatalog_output/thinned --output-format human-readable-text --notices --warnings --export-dependency-info /Users/kunchen/.no-mistakes/worktrees/5110830afc02/01KZ0KS1S4XXSH47HG72R29XRH/.build/no-mistakes-release-validation/Build/Intermediates.noindex/EddysWallet.build/Release-iphoneos/EddysWallet.build/assetcatalog_dependencies_thinned --output-partial-info-plist /Users/kunchen/.no-mistakes/worktrees/5110830afc02/01KZ0KS1S4XXSH47HG72R29XRH/.build/no-mistakes-release-validation/Build/Intermediates.noindex/EddysWallet.build/Release-iphoneos/EddysWallet.build/assetcatalog_generated_info.plist_thinned --app-icon AppIcon --compress-pngs --enable-on-demand-resources YES --development-region en --target-device iphone --target-device ipad --minimum-deployment-target 17.0 --platform iphoneos
/* com.apple.actool.compilation-results */
/Users/kunchen/.no-mistakes/worktrees/5110830afc02/01KZ0KS1S4XXSH47HG72R29XRH/.build/no-mistakes-release-validation/Build/Intermediates.noindex/EddysWallet.build/Release-iphoneos/EddysWallet.build/assetcatalog_generated_info.plist_thinned
/Users/kunchen/.no-mistakes/worktrees/5110830afc02/01KZ0KS1S4XXSH47HG72R29XRH/.build/no-mistakes-release-validation/Build/Intermediates.noindex/EddysWallet.build/Release-iphoneos/EddysWallet.build/assetcatalog_output/thinned/AppIcon60x60@2x.png
/Users/kunchen/.no-mistakes/worktrees/5110830afc02/01KZ0KS1S4XXSH47HG72R29XRH/.build/no-mistakes-release-validation/Build/Intermediates.noindex/EddysWallet.build/Release-iphoneos/EddysWallet.build/assetcatalog_output/thinned/AppIcon76x76@2x~ipad.png
/Users/kunchen/.no-mistakes/worktrees/5110830afc02/01KZ0KS1S4XXSH47HG72R29XRH/.build/no-mistakes-release-validation/Build/Intermediates.noindex/EddysWallet.build/Release-iphoneos/EddysWallet.build/assetcatalog_output/thinned/Assets.car


SwiftDriver EddysWallet normal arm64 com.apple.xcode.tools.swift.compiler (in target 'EddysWallet' from project 'EddysWallet')
    cd /Users/kunchen/.no-mistakes/worktrees/5110830afc02/01KZ0KS1S4XXSH47HG72R29XRH
    builtin-SwiftDriver -- /Applications/Xcode.app/Contents/Developer/Toolchains/XcodeDefault.xctoolchain/usr/bin/swiftc -module-name EddysWallet -O @/Users/kunchen/.no-mistakes/worktrees/5110830afc02/01KZ0KS1S4XXSH47HG72R29XRH/.build/no-mistakes-release-validation/Build/Intermediates.noindex/EddysWallet.build/Release-iphoneos/EddysWallet.build/Objects-normal/arm64/EddysWallet.SwiftFileList -enable-bare-slash-regex -enable-experimental-feature DebugDescriptionMacro -sdk /Applications/Xcode.app/Contents/Developer/Platforms/iPhoneOS.platform/Developer/SDKs/iPhoneOS26.4.sdk -target arm64-apple-ios17.0 -g -module-cache-path /Users/kunchen/.no-mistakes/worktrees/5110830afc02/01KZ0KS1S4XXSH47HG72R29XRH/.build/no-mistakes-release-validation/ModuleCache.noindex -Xfrontend -serialize-debugging-options -swift-version 5 -I /Users/kunchen/.no-mistakes/worktrees/5110830afc02/01KZ0KS1S4XXSH47HG72R29XRH/.build/no-mistakes-release-validation/Build/Products/Release-iphoneos -F /Users/kunchen/.no-mistakes/worktrees/5110830afc02/01KZ0KS1S4XXSH47HG72R29XRH/.build/no-mistakes-release-validation/Build/Products/Release-iphoneos -emit-localized-strings -emit-localized-strings-path /Users/kunchen/.no-mistakes/worktrees/5110830afc02/01KZ0KS1S4XXSH47HG72R29XRH/.build/no-mistakes-release-validation/Build/Intermediates.noindex/EddysWallet.build/Release-iphoneos/EddysWallet.build/Objects-normal/arm64 -c -j14 -enable-batch-mode -incremental -Xcc -ivfsstatcache -Xcc /Users/kunchen/.no-mistakes/worktrees/5110830afc02/01KZ0KS1S4XXSH47HG72R29XRH/.build/no-mistakes-release-validation/SDKStatCaches.noindex/iphoneos26.4-23E237-68a138bb55de9ba35ce6c8c40d12849e.sdkstatcache -output-file-map /Users/kunchen/.no-mistakes/worktrees/5110830afc02/01KZ0KS1S4XXSH47HG72R29XRH/.build/no-mistakes-release-validation/Build/Intermediates.noindex/EddysWallet.build/Release-iphoneos/EddysWallet.build/Objects-normal/arm64/EddysWallet-OutputFileMap.json -use-frontend-parseable-output -save-temps -no-color-diagnostics -explicit-module-build -module-cache-path /Users/kunchen/.no-mistakes/worktrees/5110830afc02/01KZ0KS1S4XXSH47HG72R29XRH/.build/no-mistakes-release-validation/Build/Intermediates.noindex/SwiftExplicitPrecompiledModules -clang-scanner-module-cache-path /Users/kunchen/.no-mistakes/worktrees/5110830afc02/01KZ0KS1S4XXSH47HG72R29XRH/.build/no-mistakes-release-validation/ModuleCache.noindex -sdk-module-cache-path /Users/kunchen/.no-mistakes/worktrees/5110830afc02/01KZ0KS1S4XXSH47HG72R29XRH/.build/no-mistakes-release-validation/ModuleCache.noindex -serialize-diagnostics -emit-dependencies -emit-module -emit-module-path /Users/kunchen/.no-mistakes/worktrees/5110830afc02/01KZ0KS1S4XXSH47HG72R29XRH/.build/no-mistakes-release-validation/Build/Intermediates.noindex/EddysWallet.build/Release-iphoneos/EddysWallet.build/Objects-normal/arm64/EddysWallet.swiftmodule -validate-clang-modules-once -clang-build-session-file /Users/kunchen/.no-mistakes/worktrees/5110830afc02/01KZ0KS1S4XXSH47HG72R29XRH/.build/no-mistakes-release-validation/ModuleCache.noindex/Session.modulevalidation -Xcc -I/Users/kunchen/.no-mistakes/worktrees/5110830afc02/01KZ0KS1S4XXSH47HG72R29XRH/.build/no-mistakes-release-validation/Build/Intermediates.noindex/EddysWallet.build/Release-iphoneos/EddysWallet.build/swift-overrides.hmap -emit-const-values -Xfrontend -const-gather-protocols-file -Xfrontend /Users/kunchen/.no-mistakes/worktrees/5110830afc02/01KZ0KS1S4XXSH47HG72R29XRH/.build/no-mistakes-release-validation/Build/Intermediates.noindex/EddysWallet.build/Release-iphoneos/EddysWallet.build/Objects-normal/arm64/EddysWallet_const_extract_protocols.json -Xcc -iquote -Xcc /Users/kunchen/.no-mistakes/worktrees/5110830afc02/01KZ0KS1S4XXSH47HG72R29XRH/.build/no-mistakes-release-validation/Build/Intermediates.noindex/EddysWallet.build/Release-iphoneos/EddysWallet.build/EddysWallet-generated-files.hmap -Xcc -I/Users/kunchen/.no-mistakes/worktrees/5110830afc02/01KZ0KS1S4XXSH47HG72R29XRH/.build/no-mistakes-release-validation/Build/Intermediates.noindex/EddysWallet.build/Release-iphoneos/EddysWallet.build/EddysWallet-own-target-headers.hmap -Xcc -I/Users/kunchen/.no-mistakes/worktrees/5110830afc02/01KZ0KS1S4XXSH47HG72R29XRH/.build/no-mistakes-release-validation/Build/Intermediates.noindex/EddysWallet.build/Release-iphoneos/EddysWallet.build/EddysWallet-all-target-headers.hmap -Xcc -iquote -Xcc /Users/kunchen/.no-mistakes/worktrees/5110830afc02/01KZ0KS1S4XXSH47HG72R29XRH/.build/no-mistakes-release-validation/Build/Intermediates.noindex/EddysWallet.build/Release-iphoneos/EddysWallet.build/EddysWallet-project-headers.hmap -Xcc -I/Users/kunchen/.no-mistakes/worktrees/5110830afc02/01KZ0KS1S4XXSH47HG72R29XRH/.build/no-mistakes-release-validation/Build/Products/Release-iphoneos/include -Xcc -I/Users/kunchen/.no-mistakes/worktrees/5110830afc02/01KZ0KS1S4XXSH47HG72R29XRH/.build/no-mistakes-release-validation/Build/Intermediates.noindex/EddysWallet.build/Release-iphoneos/EddysWallet.build/DerivedSources-normal/arm64 -Xcc -I/Users/kunchen/.no-mistakes/worktrees/5110830afc02/01KZ0KS1S4XXSH47HG72R29XRH/.build/no-mistakes-release-validation/Build/Intermediates.noindex/EddysWallet.build/Release-iphoneos/EddysWallet.build/DerivedSources/arm64 -Xcc -I/Users/kunchen/.no-mistakes/worktrees/5110830afc02/01KZ0KS1S4XXSH47HG72R29XRH/.build/no-mistakes-release-validation/Build/Intermediates.noindex/EddysWallet.build/Release-iphoneos/EddysWallet.build/DerivedSources -emit-objc-header -emit-objc-header-path /Users/kunchen/.no-mistakes/worktrees/5110830afc02/01KZ0KS1S4XXSH47HG72R29XRH/.build/no-mistakes-release-validation/Build/Intermediates.noindex/EddysWallet.build/Release-iphoneos/EddysWallet.build/Objects-normal/arm64/EddysWallet-Swift.h -working-directory /Users/kunchen/.no-mistakes/worktrees/5110830afc02/01KZ0KS1S4XXSH47HG72R29XRH -experimental-emit-module-separately -disable-cmo

SwiftExplicitDependencyGeneratePcm arm64 /Users/kunchen/.no-mistakes/worktrees/5110830afc02/01KZ0KS1S4XXSH47HG72R29XRH/.build/no-mistakes-release-validation/ModuleCache.noindex/_Builtin_stddef-BMBRFK9WGX4RW7DNL7W67AX44.pcm

SwiftExplicitDependencyGeneratePcm arm64 /Users/kunchen/.no-mistakes/worktrees/5110830afc02/01KZ0KS1S4XXSH47HG72R29XRH/.build/no-mistakes-release-validation/ModuleCache.noindex/_Builtin_stdbool-84HTZW9QDOWFZMDM1M83I5TEC.pcm

SwiftExplicitDependencyGeneratePcm arm64 /Users/kunchen/.no-mistakes/worktrees/5110830afc02/01KZ0KS1S4XXSH47HG72R29XRH/.build/no-mistakes-release-validation/ModuleCache.noindex/_Builtin_float-A4JQ27GJGXFJHO1GLHSLSFCNI.pcm

SwiftExplicitDependencyGeneratePcm arm64 /Users/kunchen/.no-mistakes/worktrees/5110830afc02/01KZ0KS1S4XXSH47HG72R29XRH/.build/no-mistakes-release-validation/ModuleCache.noindex/DeveloperToolsSupport-4Q59LRD8BV9YQL2UT3AWYWDB4.pcm

SwiftExplicitDependencyGeneratePcm arm64 /Users/kunchen/.no-mistakes/worktrees/5110830afc02/01KZ0KS1S4XXSH47HG72R29XRH/.build/no-mistakes-release-validation/ModuleCache.noindex/ptrauth-5M541GCBF1SWGF86L3ZMJ60I0.pcm

SwiftExplicitDependencyGeneratePcm arm64 /Users/kunchen/.no-mistakes/worktrees/5110830afc02/01KZ0KS1S4XXSH47HG72R29XRH/.build/no-mistakes-release-validation/ModuleCache.noindex/ptrcheck-6E1IG23XYSZ0KV5PM31VYWZY9.pcm

SwiftExplicitDependencyGeneratePcm arm64 /Users/kunchen/.no-mistakes/worktrees/5110830afc02/01KZ0KS1S4XXSH47HG72R29XRH/.build/no-mistakes-release-validation/ModuleCache.noindex/_SwiftConcurrencyShims-41MHYKL4I2X3HOHE1M30ZKP44.pcm

SwiftExplicitDependencyGeneratePcm arm64 /Users/kunchen/.no-mistakes/worktrees/5110830afc02/01KZ0KS1S4XXSH47HG72R29XRH/.build/no-mistakes-release-validation/ModuleCache.noindex/SwiftShims-2545K1I83AS4W10RHXUCAHTRB.pcm

SwiftExplicitDependencyGeneratePcm arm64 /Users/kunchen/.no-mistakes/worktrees/5110830afc02/01KZ0KS1S4XXSH47HG72R29XRH/.build/no-mistakes-release-validation/ModuleCache.noindex/_AvailabilityInternal-EFEIV79WTD9LJTHCZT79NRFOK.pcm

SwiftExplicitDependencyGeneratePcm arm64 /Users/kunchen/.no-mistakes/worktrees/5110830afc02/01KZ0KS1S4XXSH47HG72R29XRH/.build/no-mistakes-release-validation/ModuleCache.noindex/_Builtin_stdarg-5RWNO19LACN6S2951NOLZNAWG.pcm

SwiftExplicitDependencyGeneratePcm arm64 /Users/kunchen/.no-mistakes/worktrees/5110830afc02/01KZ0KS1S4XXSH47HG72R29XRH/.build/no-mistakes-release-validation/ModuleCache.noindex/_DarwinFoundation1-AHGV0ETMF01FUG5SO0XHJLNYN.pcm

SwiftExplicitDependencyGeneratePcm arm64 /Users/kunchen/.no-mistakes/worktrees/5110830afc02/01KZ0KS1S4XXSH47HG72R29XRH/.build/no-mistakes-release-validation/ModuleCache.noindex/_DarwinFoundation2-EPG26V2M3ZRNEXJBWZRJIRQCC.pcm

SwiftExplicitDependencyGeneratePcm arm64 /Users/kunchen/.no-mistakes/worktrees/5110830afc02/01KZ0KS1S4XXSH47HG72R29XRH/.build/no-mistakes-release-validation/ModuleCache.noindex/_Builtin_limits-9WDU34NIW6XTE8VWFR66JMYJ5.pcm

SwiftExplicitDependencyGeneratePcm arm64 /Users/kunchen/.no-mistakes/worktrees/5110830afc02/01KZ0KS1S4XXSH47HG72R29XRH/.build/no-mistakes-release-validation/ModuleCache.noindex/ExtensionFoundation-76JPKCFIJMA717RTJCMS5CCO.pcm

SwiftExplicitDependencyGeneratePcm arm64 /Users/kunchen/.no-mistakes/worktrees/5110830afc02/01KZ0KS1S4XXSH47HG72R29XRH/.build/no-mistakes-release-validation/ModuleCache.noindex/sys_types-52A3AP08BR4S5NM5PFZ5IZHPI.pcm

SwiftExplicitDependencyGeneratePcm arm64 /Users/kunchen/.no-mistakes/worktrees/5110830afc02/01KZ0KS1S4XXSH47HG72R29XRH/.build/no-mistakes-release-validation/ModuleCache.noindex/_Builtin_stdint-F7P8FX39Q1PZMWYVSGKBTDXJ.pcm

SwiftExplicitDependencyGeneratePcm arm64 /Users/kunchen/.no-mistakes/worktrees/5110830afc02/01KZ0KS1S4XXSH47HG72R29XRH/.build/no-mistakes-release-validation/ModuleCache.noindex/_Builtin_tgmath-9F9AOOTKJ5F65TKID3NT9BOIT.pcm

SwiftExplicitDependencyGeneratePcm arm64 /Users/kunchen/.no-mistakes/worktrees/5110830afc02/01KZ0KS1S4XXSH47HG72R29XRH/.build/no-mistakes-release-validation/ModuleCache.noindex/_Builtin_intrinsics-BB29XXRMPRN4T0V79WG9TN7UU.pcm

SwiftExplicitDependencyGeneratePcm arm64 /Users/kunchen/.no-mistakes/worktrees/5110830afc02/01KZ0KS1S4XXSH47HG72R29XRH/.build/no-mistakes-release-validation/ModuleCache.noindex/_DarwinFoundation3-656Z35Z0SF8FKXX7UGP8YJ1LT.pcm

SwiftExplicitDependencyGeneratePcm arm64 /Users/kunchen/.no-mistakes/worktrees/5110830afc02/01KZ0KS1S4XXSH47HG72R29XRH/.build/no-mistakes-release-validation/ModuleCache.noindex/_Builtin_stdatomic-BP237DLG1L6H9TS0YJ2JCBDPT.pcm

SwiftExplicitDependencyGeneratePcm arm64 /Users/kunchen/.no-mistakes/worktrees/5110830afc02/01KZ0KS1S4XXSH47HG72R29XRH/.build/no-mistakes-release-validation/ModuleCache.noindex/_Builtin_inttypes-4IRWDI8D5AST22OFGWUYFIJ5.pcm

SwiftExplicitDependencyGeneratePcm arm64 /Users/kunchen/.no-mistakes/worktrees/5110830afc02/01KZ0KS1S4XXSH47HG72R29XRH/.build/no-mistakes-release-validation/ModuleCache.noindex/Darwin-EIHKU2PII7W3L0WTBZPV1QR92.pcm

SwiftExplicitDependencyGeneratePcm arm64 /Users/kunchen/.no-mistakes/worktrees/5110830afc02/01KZ0KS1S4XXSH47HG72R29XRH/.build/no-mistakes-release-validation/ModuleCache.noindex/simd-16JHJJTH491DTVF2TTRHP90U8.pcm

SwiftExplicitDependencyGeneratePcm arm64 /Users/kunchen/.no-mistakes/worktrees/5110830afc02/01KZ0KS1S4XXSH47HG72R29XRH/.build/no-mistakes-release-validation/ModuleCache.noindex/MachO-E0ZZNC9POTTHUZMZW7B6V03ZX.pcm

SwiftExplicitDependencyGeneratePcm arm64 /Users/kunchen/.no-mistakes/worktrees/5110830afc02/01KZ0KS1S4XXSH47HG72R29XRH/.build/no-mistakes-release-validation/ModuleCache.noindex/ObjectiveC-55OESJUT68YLMRZB60CJR63X9.pcm

SwiftExplicitDependencyGeneratePcm arm64 /Users/kunchen/.no-mistakes/worktrees/5110830afc02/01KZ0KS1S4XXSH47HG72R29XRH/.build/no-mistakes-release-validation/ModuleCache.noindex/os_object-BQESC4QXO59MASGXZ83MA4Y02.pcm

SwiftExplicitDependencyGeneratePcm arm64 /Users/kunchen/.no-mistakes/worktrees/5110830afc02/01KZ0KS1S4XXSH47HG72R29XRH/.build/no-mistakes-release-validation/ModuleCache.noindex/os_workgroup-8EFBYL7BXC2H8PFQSWD01BUFI.pcm

SwiftExplicitDependencyGeneratePcm arm64 /Users/kunchen/.no-mistakes/worktrees/5110830afc02/01KZ0KS1S4XXSH47HG72R29XRH/.build/no-mistakes-release-validation/ModuleCache.noindex/Spatial-4A7M8D4YL45FDG9WFUBJIK0M.pcm

SwiftExplicitDependencyGeneratePcm arm64 /Users/kunchen/.no-mistakes/worktrees/5110830afc02/01KZ0KS1S4XXSH47HG72R29XRH/.build/no-mistakes-release-validation/ModuleCache.noindex/Dispatch-8JPWH1LD6BAOAC82ZOQ3AD7B1.pcm

SwiftExplicitDependencyGeneratePcm arm64 /Users/kunchen/.no-mistakes/worktrees/5110830afc02/01KZ0KS1S4XXSH47HG72R29XRH/.build/no-mistakes-release-validation/ModuleCache.noindex/CoreFoundation-X275BHJK5IVTZZF7VNQ1VZ30.pcm

SwiftExplicitDependencyGeneratePcm arm64 /Users/kunchen/.no-mistakes/worktrees/5110830afc02/01KZ0KS1S4XXSH47HG72R29XRH/.build/no-mistakes-release-validation/ModuleCache.noindex/dnssd-JDUC597MU632GLCYMV2H3HGR.pcm

SwiftExplicitDependencyGeneratePcm arm64 /Users/kunchen/.no-mistakes/worktrees/5110830afc02/01KZ0KS1S4XXSH47HG72R29XRH/.build/no-mistakes-release-validation/ModuleCache.noindex/XPC-DZ2FDN1OLA4PLVCS01V5GVO7G.pcm

SwiftExplicitDependencyGeneratePcm arm64 /Users/kunchen/.no-mistakes/worktrees/5110830afc02/01KZ0KS1S4XXSH47HG72R29XRH/.build/no-mistakes-release-validation/ModuleCache.noindex/os-1HXQ1MMH2ACRVP5L5E2E2MJGE.pcm

SwiftExplicitDependencyGeneratePcm arm64 /Users/kunchen/.no-mistakes/worktrees/5110830afc02/01KZ0KS1S4XXSH47HG72R29XRH/.build/no-mistakes-release-validation/ModuleCache.noindex/Security-QKC140PJN8IXES191S88WQEJ.pcm

SwiftExplicitDependencyGeneratePcm arm64 /Users/kunchen/.no-mistakes/worktrees/5110830afc02/01KZ0KS1S4XXSH47HG72R29XRH/.build/no-mistakes-release-validation/ModuleCache.noindex/CoreGraphics-2LV1A5JTCRM2OQ2MU161DI23V.pcm

SwiftExplicitDependencyGeneratePcm arm64 /Users/kunchen/.no-mistakes/worktrees/5110830afc02/01KZ0KS1S4XXSH47HG72R29XRH/.build/no-mistakes-release-validation/ModuleCache.noindex/CFNetwork-CU5JQPNZKY9J432K6UG40ZYUO.pcm

SwiftExplicitDependencyGeneratePcm arm64 /Users/kunchen/.no-mistakes/worktrees/5110830afc02/01KZ0KS1S4XXSH47HG72R29XRH/.build/no-mistakes-release-validation/ModuleCache.noindex/Foundation-72IPST338WQROUZHOMZOU3BO2.pcm

SwiftExplicitDependencyGeneratePcm arm64 /Users/kunchen/.no-mistakes/worktrees/5110830afc02/01KZ0KS1S4XXSH47HG72R29XRH/.build/no-mistakes-release-validation/ModuleCache.noindex/CoreText-5K8TPGT55UM7LAYC34O99O101.pcm

SwiftExplicitDependencyGeneratePcm arm64 /Users/kunchen/.no-mistakes/worktrees/5110830afc02/01KZ0KS1S4XXSH47HG72R29XRH/.build/no-mistakes-release-validation/ModuleCache.noindex/ImageIO-5OU1KFAQ7T6BP5SU5SGYPQUR4.pcm

SwiftExplicitDependencyGeneratePcm arm64 /Users/kunchen/.no-mistakes/worktrees/5110830afc02/01KZ0KS1S4XXSH47HG72R29XRH/.build/no-mistakes-release-validation/ModuleCache.noindex/OSLog-2GZUD82JF495SVJ37594OWBDV.pcm

SwiftExplicitDependencyGeneratePcm arm64 /Users/kunchen/.no-mistakes/worktrees/5110830afc02/01KZ0KS1S4XXSH47HG72R29XRH/.build/no-mistakes-release-validation/ModuleCache.noindex/IOSurface-CRYVV1E4Q9FO57WNDTYXYWVNM.pcm

SwiftExplicitDependencyGeneratePcm arm64 /Users/kunchen/.no-mistakes/worktrees/5110830afc02/01KZ0KS1S4XXSH47HG72R29XRH/.build/no-mistakes-release-validation/ModuleCache.noindex/UniformTypeIdentifiers-7K5KJLSTROEA32WV6HKXQN563.pcm

SwiftExplicitDependencyGeneratePcm arm64 /Users/kunchen/.no-mistakes/worktrees/5110830afc02/01KZ0KS1S4XXSH47HG72R29XRH/.build/no-mistakes-release-validation/ModuleCache.noindex/Network-7RKSJDJW5WJL98Q0KWNQHH7NT.pcm

SwiftExplicitDependencyGeneratePcm arm64 /Users/kunchen/.no-mistakes/worktrees/5110830afc02/01KZ0KS1S4XXSH47HG72R29XRH/.build/no-mistakes-release-validation/ModuleCache.noindex/Accessibility-8Q2NB26TH13B0BRZJNPP7WG.pcm

SwiftExplicitDependencyGeneratePcm arm64 /Users/kunchen/.no-mistakes/worktrees/5110830afc02/01KZ0KS1S4XXSH47HG72R29XRH/.build/no-mistakes-release-validation/ModuleCache.noindex/CoreData-AHOXGGZX0PA9N63M4C7OC05A8.pcm

SwiftExplicitDependencyGeneratePcm arm64 /Users/kunchen/.no-mistakes/worktrees/5110830afc02/01KZ0KS1S4XXSH47HG72R29XRH/.build/no-mistakes-release-validation/ModuleCache.noindex/LocalAuthentication-AF0KRGPQTHBR2RV0DP0XW8V4F.pcm

SwiftExplicitDependencyGeneratePcm arm64 /Users/kunchen/.no-mistakes/worktrees/5110830afc02/01KZ0KS1S4XXSH47HG72R29XRH/.build/no-mistakes-release-validation/ModuleCache.noindex/BackgroundAssets-CYMD75N9VL85LE9N4N0C2PJVV.pcm

SwiftExplicitDependencyGeneratePcm arm64 /Users/kunchen/.no-mistakes/worktrees/5110830afc02/01KZ0KS1S4XXSH47HG72R29XRH/.build/no-mistakes-release-validation/ModuleCache.noindex/UserNotifications-D2KJA55AI1PC8SQCIIUHH31AS.pcm

SwiftExplicitDependencyGeneratePcm arm64 /Users/kunchen/.no-mistakes/worktrees/5110830afc02/01KZ0KS1S4XXSH47HG72R29XRH/.build/no-mistakes-release-validation/ModuleCache.noindex/CoreTransferable-AQRTGBJYZO3WMVITQDPMUZIN4.pcm

SwiftExplicitDependencyGeneratePcm arm64 /Users/kunchen/.no-mistakes/worktrees/5110830afc02/01KZ0KS1S4XXSH47HG72R29XRH/.build/no-mistakes-release-validation/ModuleCache.noindex/FileProvider-6UOO25CI0ZOUMH1N12OZEGCSH.pcm

SwiftExplicitDependencyGeneratePcm arm64 /Users/kunchen/.no-mistakes/worktrees/5110830afc02/01KZ0KS1S4XXSH47HG72R29XRH/.build/no-mistakes-release-validation/ModuleCache.noindex/UIUtilities-AB57K6WZKZB3235ELJRMXRZ1Y.pcm

SwiftExplicitDependencyGeneratePcm arm64 /Users/kunchen/.no-mistakes/worktrees/5110830afc02/01KZ0KS1S4XXSH47HG72R29XRH/.build/no-mistakes-release-validation/ModuleCache.noindex/Symbols-ETXX98WGBSRGFECKV7WS4YAEK.pcm

SwiftExplicitDependencyGeneratePcm arm64 /Users/kunchen/.no-mistakes/worktrees/5110830afc02/01KZ0KS1S4XXSH47HG72R29XRH/.build/no-mistakes-release-validation/ModuleCache.noindex/DataDetection-CRLM2DLSDGO9AM526KOAOVOY.pcm

SwiftExplicitDependencyGeneratePcm arm64 /Users/kunchen/.no-mistakes/worktrees/5110830afc02/01KZ0KS1S4XXSH47HG72R29XRH/.build/no-mistakes-release-validation/ModuleCache.noindex/Metal-8MEOJSH8RL9L37FACBSJ6UU1J.pcm

SwiftExplicitDependencyGeneratePcm arm64 /Users/kunchen/.no-mistakes/worktrees/5110830afc02/01KZ0KS1S4XXSH47HG72R29XRH/.build/no-mistakes-release-validation/ModuleCache.noindex/OpenGLES-9ASR6GCZOB6NR0HUU9FJIYU0N.pcm

SwiftExplicitDependencyGeneratePcm arm64 /Users/kunchen/.no-mistakes/worktrees/5110830afc02/01KZ0KS1S4XXSH47HG72R29XRH/.build/no-mistakes-release-validation/ModuleCache.noindex/CoreVideo-8ZFPJGR00MPNPJICGFG3XPFHV.pcm

SwiftExplicitDependencyGeneratePcm arm64 /Users/kunchen/.no-mistakes/worktrees/5110830afc02/01KZ0KS1S4XXSH47HG72R29XRH/.build/no-mistakes-release-validation/ModuleCache.noindex/QuartzCore-38HXL6WI0V92X8UA0U5IHURCV.pcm

SwiftExplicitDependencyGeneratePcm arm64 /Users/kunchen/.no-mistakes/worktrees/5110830afc02/01KZ0KS1S4XXSH47HG72R29XRH/.build/no-mistakes-release-validation/ModuleCache.noindex/CoreImage-BON9BRRHJDS2MITERN86VL3SF.pcm

SwiftExplicitDependencyGeneratePcm arm64 /Users/kunchen/.no-mistakes/worktrees/5110830afc02/01KZ0KS1S4XXSH47HG72R29XRH/.build/no-mistakes-release-validation/ModuleCache.noindex/SwiftUICore-5WBNXAYDJVM0F0HJDBVQ7Z9OE.pcm

SwiftExplicitDependencyGeneratePcm arm64 /Users/kunchen/.no-mistakes/worktrees/5110830afc02/01KZ0KS1S4XXSH47HG72R29XRH/.build/no-mistakes-release-validation/ModuleCache.noindex/UIKit-RO3W8RZQHGNICALSAU0NRY1T.pcm

SwiftExplicitDependencyGeneratePcm arm64 /Users/kunchen/.no-mistakes/worktrees/5110830afc02/01KZ0KS1S4XXSH47HG72R29XRH/.build/no-mistakes-release-validation/ModuleCache.noindex/StoreKit-C71QNG6BLLI7YXWUD6XUNT9SQ.pcm

SwiftExplicitDependencyGeneratePcm arm64 /Users/kunchen/.no-mistakes/worktrees/5110830afc02/01KZ0KS1S4XXSH47HG72R29XRH/.build/no-mistakes-release-validation/ModuleCache.noindex/AuthenticationServices-6TSYSH3WYQYGDNIS7HEH1T9VB.pcm

SwiftExplicitDependencyGeneratePcm arm64 /Users/kunchen/.no-mistakes/worktrees/5110830afc02/01KZ0KS1S4XXSH47HG72R29XRH/.build/no-mistakes-release-validation/ModuleCache.noindex/SwiftUI-21OW7CFGHJ2HYZLWHG12XU6YG.pcm

SwiftEmitModule normal arm64 Emitting\ module\ for\ EddysWallet (in target 'EddysWallet' from project 'EddysWallet')

EmitSwiftModule normal arm64 (in target 'EddysWallet' from project 'EddysWallet')
    cd /Users/kunchen/.no-mistakes/worktrees/5110830afc02/01KZ0KS1S4XXSH47HG72R29XRH
    

SwiftCompile normal arm64 Compiling\ LocalWalletPersistence.swift,\ LocalWalletRepository.swift /Users/kunchen/.no-mistakes/worktrees/5110830afc02/01KZ0KS1S4XXSH47HG72R29XRH/EddysWallet/Persistence/LocalWalletPersistence.swift /Users/kunchen/.no-mistakes/worktrees/5110830afc02/01KZ0KS1S4XXSH47HG72R29XRH/EddysWallet/Persistence/LocalWalletRepository.swift (in target 'EddysWallet' from project 'EddysWallet')

SwiftCompile normal arm64 /Users/kunchen/.no-mistakes/worktrees/5110830afc02/01KZ0KS1S4XXSH47HG72R29XRH/EddysWallet/Persistence/LocalWalletPersistence.swift (in target 'EddysWallet' from project 'EddysWallet')
    cd /Users/kunchen/.no-mistakes/worktrees/5110830afc02/01KZ0KS1S4XXSH47HG72R29XRH
    

SwiftCompile normal arm64 /Users/kunchen/.no-mistakes/worktrees/5110830afc02/01KZ0KS1S4XXSH47HG72R29XRH/EddysWallet/Persistence/LocalWalletRepository.swift (in target 'EddysWallet' from project 'EddysWallet')
    cd /Users/kunchen/.no-mistakes/worktrees/5110830afc02/01KZ0KS1S4XXSH47HG72R29XRH
    

SwiftCompile normal arm64 Compiling\ WalletModel+CoreDataModel.swift,\ GeneratedAssetSymbols.swift /Users/kunchen/.no-mistakes/worktrees/5110830afc02/01KZ0KS1S4XXSH47HG72R29XRH/.build/no-mistakes-release-validation/Build/Intermediates.noindex/EddysWallet.build/Release-iphoneos/EddysWallet.build/DerivedSources/CoreDataGenerated/WalletModel/WalletModel+CoreDataModel.swift /Users/kunchen/.no-mistakes/worktrees/5110830afc02/01KZ0KS1S4XXSH47HG72R29XRH/.build/no-mistakes-release-validation/Build/Intermediates.noindex/EddysWallet.build/Release-iphoneos/EddysWallet.build/DerivedSources/GeneratedAssetSymbols.swift (in target 'EddysWallet' from project 'EddysWallet')

SwiftCompile normal arm64 /Users/kunchen/.no-mistakes/worktrees/5110830afc02/01KZ0KS1S4XXSH47HG72R29XRH/.build/no-mistakes-release-validation/Build/Intermediates.noindex/EddysWallet.build/Release-iphoneos/EddysWallet.build/DerivedSources/CoreDataGenerated/WalletModel/WalletModel+CoreDataModel.swift (in target 'EddysWallet' from project 'EddysWallet')
    cd /Users/kunchen/.no-mistakes/worktrees/5110830afc02/01KZ0KS1S4XXSH47HG72R29XRH
    

SwiftCompile normal arm64 /Users/kunchen/.no-mistakes/worktrees/5110830afc02/01KZ0KS1S4XXSH47HG72R29XRH/.build/no-mistakes-release-validation/Build/Intermediates.noindex/EddysWallet.build/Release-iphoneos/EddysWallet.build/DerivedSources/GeneratedAssetSymbols.swift (in target 'EddysWallet' from project 'EddysWallet')
    cd /Users/kunchen/.no-mistakes/worktrees/5110830afc02/01KZ0KS1S4XXSH47HG72R29XRH
    

SwiftCompile normal arm64 Compiling\ CloudRecoveryEvidence.swift,\ CloudRecoveryEvidenceView.swift /Users/kunchen/.no-mistakes/worktrees/5110830afc02/01KZ0KS1S4XXSH47HG72R29XRH/EddysWallet/Models/CloudRecoveryEvidence.swift /Users/kunchen/.no-mistakes/worktrees/5110830afc02/01KZ0KS1S4XXSH47HG72R29XRH/EddysWallet/Views/CloudRecoveryEvidenceView.swift (in target 'EddysWallet' from project 'EddysWallet')

SwiftCompile normal arm64 /Users/kunchen/.no-mistakes/worktrees/5110830afc02/01KZ0KS1S4XXSH47HG72R29XRH/EddysWallet/Models/CloudRecoveryEvidence.swift (in target 'EddysWallet' from project 'EddysWallet')
    cd /Users/kunchen/.no-mistakes/worktrees/5110830afc02/01KZ0KS1S4XXSH47HG72R29XRH
    

SwiftCompile normal arm64 /Users/kunchen/.no-mistakes/worktrees/5110830afc02/01KZ0KS1S4XXSH47HG72R29XRH/EddysWallet/Views/CloudRecoveryEvidenceView.swift (in target 'EddysWallet' from project 'EddysWallet')
    cd /Users/kunchen/.no-mistakes/worktrees/5110830afc02/01KZ0KS1S4XXSH47HG72R29XRH
    

SwiftCompile normal arm64 Compiling\ CloudSubscriptionStore.swift,\ CloudStatusView.swift /Users/kunchen/.no-mistakes/worktrees/5110830afc02/01KZ0KS1S4XXSH47HG72R29XRH/EddysWallet/StoreKit/CloudSubscriptionStore.swift /Users/kunchen/.no-mistakes/worktrees/5110830afc02/01KZ0KS1S4XXSH47HG72R29XRH/EddysWallet/Views/CloudStatusView.swift (in target 'EddysWallet' from project 'EddysWallet')
SwiftCompile normal arm64 /Users/kunchen/.no-mistakes/worktrees/5110830afc02/01KZ0KS1S4XXSH47HG72R29XRH/EddysWallet/StoreKit/CloudSubscriptionStore.swift (in target 'EddysWallet' from project 'EddysWallet')
    cd /Users/kunchen/.no-mistakes/worktrees/5110830afc02/01KZ0KS1S4XXSH47HG72R29XRH
    

SwiftCompile normal arm64 /Users/kunchen/.no-mistakes/worktrees/5110830afc02/01KZ0KS1S4XXSH47HG72R29XRH/EddysWallet/Views/CloudStatusView.swift (in target 'EddysWallet' from project 'EddysWallet')
    cd /Users/kunchen/.no-mistakes/worktrees/5110830afc02/01KZ0KS1S4XXSH47HG72R29XRH
    

SwiftCompile normal arm64 Compiling\ CloudReplicaMapping.swift,\ CloudDiagnosticsView.swift /Users/kunchen/.no-mistakes/worktrees/5110830afc02/01KZ0KS1S4XXSH47HG72R29XRH/EddysWallet/Models/CloudReplicaMapping.swift /Users/kunchen/.no-mistakes/worktrees/5110830afc02/01KZ0KS1S4XXSH47HG72R29XRH/EddysWallet/Views/CloudDiagnosticsView.swift (in target 'EddysWallet' from project 'EddysWallet')

SwiftCompile normal arm64 /Users/kunchen/.no-mistakes/worktrees/5110830afc02/01KZ0KS1S4XXSH47HG72R29XRH/EddysWallet/Models/CloudReplicaMapping.swift (in target 'EddysWallet' from project 'EddysWallet')
    cd /Users/kunchen/.no-mistakes/worktrees/5110830afc02/01KZ0KS1S4XXSH47HG72R29XRH
    

SwiftCompile normal arm64 /Users/kunchen/.no-mistakes/worktrees/5110830afc02/01KZ0KS1S4XXSH47HG72R29XRH/EddysWallet/Views/CloudDiagnosticsView.swift (in target 'EddysWallet' from project 'EddysWallet')
    cd /Users/kunchen/.no-mistakes/worktrees/5110830afc02/01KZ0KS1S4XXSH47HG72R29XRH
    

SwiftCompile normal arm64 Compiling\ WelcomeView.swift,\ WalletAPI.swift,\ AppleSignIn.swift /Users/kunchen/.no-mistakes/worktrees/5110830afc02/01KZ0KS1S4XXSH47HG72R29XRH/EddysWallet/Views/WelcomeView.swift /Users/kunchen/.no-mistakes/worktrees/5110830afc02/01KZ0KS1S4XXSH47HG72R29XRH/EddysWallet/Models/WalletAPI.swift /Users/kunchen/.no-mistakes/worktrees/5110830afc02/01KZ0KS1S4XXSH47HG72R29XRH/EddysWallet/Models/AppleSignIn.swift (in target 'EddysWallet' from project 'EddysWallet')
SwiftCompile normal arm64 /Users/kunchen/.no-mistakes/worktrees/5110830afc02/01KZ0KS1S4XXSH47HG72R29XRH/EddysWallet/Views/WelcomeView.swift (in target 'EddysWallet' from project 'EddysWallet')
    cd /Users/kunchen/.no-mistakes/worktrees/5110830afc02/01KZ0KS1S4XXSH47HG72R29XRH
    

SwiftCompile normal arm64 /Users/kunchen/.no-mistakes/worktrees/5110830afc02/01KZ0KS1S4XXSH47HG72R29XRH/EddysWallet/Models/WalletAPI.swift (in target 'EddysWallet' from project 'EddysWallet')
    cd /Users/kunchen/.no-mistakes/worktrees/5110830afc02/01KZ0KS1S4XXSH47HG72R29XRH
    

SwiftCompile normal arm64 /Users/kunchen/.no-mistakes/worktrees/5110830afc02/01KZ0KS1S4XXSH47HG72R29XRH/EddysWallet/Models/AppleSignIn.swift (in target 'EddysWallet' from project 'EddysWallet')
    cd /Users/kunchen/.no-mistakes/worktrees/5110830afc02/01KZ0KS1S4XXSH47HG72R29XRH
    

SwiftCompile normal arm64 Compiling\ ExistingWalletView.swift,\ CloudAPIClient.swift /Users/kunchen/.no-mistakes/worktrees/5110830afc02/01KZ0KS1S4XXSH47HG72R29XRH/EddysWallet/Views/ExistingWalletView.swift /Users/kunchen/.no-mistakes/worktrees/5110830afc02/01KZ0KS1S4XXSH47HG72R29XRH/EddysWallet/Models/CloudAPIClient.swift (in target 'EddysWallet' from project 'EddysWallet')

SwiftCompile normal arm64 /Users/kunchen/.no-mistakes/worktrees/5110830afc02/01KZ0KS1S4XXSH47HG72R29XRH/EddysWallet/Views/ExistingWalletView.swift (in target 'EddysWallet' from project 'EddysWallet')
    cd /Users/kunchen/.no-mistakes/worktrees/5110830afc02/01KZ0KS1S4XXSH47HG72R29XRH
    

SwiftCompile normal arm64 /Users/kunchen/.no-mistakes/worktrees/5110830afc02/01KZ0KS1S4XXSH47HG72R29XRH/EddysWallet/Models/CloudAPIClient.swift (in target 'EddysWallet' from project 'EddysWallet')
    cd /Users/kunchen/.no-mistakes/worktrees/5110830afc02/01KZ0KS1S4XXSH47HG72R29XRH
    

SwiftCompile normal arm64 Compiling\ ParentGateView.swift,\ WalletComponents.swift,\ DebugScenarios.swift /Users/kunchen/.no-mistakes/worktrees/5110830afc02/01KZ0KS1S4XXSH47HG72R29XRH/EddysWallet/Views/ParentGateView.swift /Users/kunchen/.no-mistakes/worktrees/5110830afc02/01KZ0KS1S4XXSH47HG72R29XRH/EddysWallet/Views/WalletComponents.swift /Users/kunchen/.no-mistakes/worktrees/5110830afc02/01KZ0KS1S4XXSH47HG72R29XRH/EddysWallet/DebugScenarios.swift (in target 'EddysWallet' from project 'EddysWallet')

SwiftCompile normal arm64 /Users/kunchen/.no-mistakes/worktrees/5110830afc02/01KZ0KS1S4XXSH47HG72R29XRH/EddysWallet/Views/ParentGateView.swift (in target 'EddysWallet' from project 'EddysWallet')
    cd /Users/kunchen/.no-mistakes/worktrees/5110830afc02/01KZ0KS1S4XXSH47HG72R29XRH
    

SwiftCompile normal arm64 /Users/kunchen/.no-mistakes/worktrees/5110830afc02/01KZ0KS1S4XXSH47HG72R29XRH/EddysWallet/Views/WalletComponents.swift (in target 'EddysWallet' from project 'EddysWallet')
    cd /Users/kunchen/.no-mistakes/worktrees/5110830afc02/01KZ0KS1S4XXSH47HG72R29XRH
    

SwiftCompile normal arm64 /Users/kunchen/.no-mistakes/worktrees/5110830afc02/01KZ0KS1S4XXSH47HG72R29XRH/EddysWallet/DebugScenarios.swift (in target 'EddysWallet' from project 'EddysWallet')
    cd /Users/kunchen/.no-mistakes/worktrees/5110830afc02/01KZ0KS1S4XXSH47HG72R29XRH
    

SwiftCompile normal arm64 Compiling\ EddysWalletApp.swift,\ NativeDesignSystem.swift,\ WalletModels.swift /Users/kunchen/.no-mistakes/worktrees/5110830afc02/01KZ0KS1S4XXSH47HG72R29XRH/EddysWallet/EddysWalletApp.swift /Users/kunchen/.no-mistakes/worktrees/5110830afc02/01KZ0KS1S4XXSH47HG72R29XRH/EddysWallet/DesignSystem/NativeDesignSystem.swift /Users/kunchen/.no-mistakes/worktrees/5110830afc02/01KZ0KS1S4XXSH47HG72R29XRH/EddysWallet/Models/WalletModels.swift (in target 'EddysWallet' from project 'EddysWallet')

SwiftCompile normal arm64 /Users/kunchen/.no-mistakes/worktrees/5110830afc02/01KZ0KS1S4XXSH47HG72R29XRH/EddysWallet/EddysWalletApp.swift (in target 'EddysWallet' from project 'EddysWallet')
    cd /Users/kunchen/.no-mistakes/worktrees/5110830afc02/01KZ0KS1S4XXSH47HG72R29XRH
    

SwiftCompile normal arm64 /Users/kunchen/.no-mistakes/worktrees/5110830afc02/01KZ0KS1S4XXSH47HG72R29XRH/EddysWallet/DesignSystem/NativeDesignSystem.swift (in target 'EddysWallet' from project 'EddysWallet')
    cd /Users/kunchen/.no-mistakes/worktrees/5110830afc02/01KZ0KS1S4XXSH47HG72R29XRH
    

SwiftCompile normal arm64 /Users/kunchen/.no-mistakes/worktrees/5110830afc02/01KZ0KS1S4XXSH47HG72R29XRH/EddysWallet/Models/WalletModels.swift (in target 'EddysWallet' from project 'EddysWallet')
    cd /Users/kunchen/.no-mistakes/worktrees/5110830afc02/01KZ0KS1S4XXSH47HG72R29XRH
    

SwiftCompile normal arm64 Compiling\ CloudModels.swift,\ CloudCoordinator.swift /Users/kunchen/.no-mistakes/worktrees/5110830afc02/01KZ0KS1S4XXSH47HG72R29XRH/EddysWallet/Models/CloudModels.swift /Users/kunchen/.no-mistakes/worktrees/5110830afc02/01KZ0KS1S4XXSH47HG72R29XRH/EddysWallet/Models/CloudCoordinator.swift (in target 'EddysWallet' from project 'EddysWallet')

SwiftCompile normal arm64 /Users/kunchen/.no-mistakes/worktrees/5110830afc02/01KZ0KS1S4XXSH47HG72R29XRH/EddysWallet/Models/CloudModels.swift (in target 'EddysWallet' from project 'EddysWallet')
    cd /Users/kunchen/.no-mistakes/worktrees/5110830afc02/01KZ0KS1S4XXSH47HG72R29XRH
    

SwiftCompile normal arm64 /Users/kunchen/.no-mistakes/worktrees/5110830afc02/01KZ0KS1S4XXSH47HG72R29XRH/EddysWallet/Models/CloudCoordinator.swift (in target 'EddysWallet' from project 'EddysWallet')
    cd /Users/kunchen/.no-mistakes/worktrees/5110830afc02/01KZ0KS1S4XXSH47HG72R29XRH
    

SwiftCompile normal arm64 Compiling\ CloudWalletRepository.swift,\ CloudImportEncoding.swift /Users/kunchen/.no-mistakes/worktrees/5110830afc02/01KZ0KS1S4XXSH47HG72R29XRH/EddysWallet/Models/CloudWalletRepository.swift /Users/kunchen/.no-mistakes/worktrees/5110830afc02/01KZ0KS1S4XXSH47HG72R29XRH/EddysWallet/Models/CloudImportEncoding.swift (in target 'EddysWallet' from project 'EddysWallet')

SwiftCompile normal arm64 /Users/kunchen/.no-mistakes/worktrees/5110830afc02/01KZ0KS1S4XXSH47HG72R29XRH/EddysWallet/Models/CloudWalletRepository.swift (in target 'EddysWallet' from project 'EddysWallet')
    cd /Users/kunchen/.no-mistakes/worktrees/5110830afc02/01KZ0KS1S4XXSH47HG72R29XRH
    

SwiftCompile normal arm64 /Users/kunchen/.no-mistakes/worktrees/5110830afc02/01KZ0KS1S4XXSH47HG72R29XRH/EddysWallet/Models/CloudImportEncoding.swift (in target 'EddysWallet' from project 'EddysWallet')
    cd /Users/kunchen/.no-mistakes/worktrees/5110830afc02/01KZ0KS1S4XXSH47HG72R29XRH
    

SwiftCompile normal arm64 Compiling\ WalletStore.swift,\ DetailViews.swift,\ FlowViews.swift /Users/kunchen/.no-mistakes/worktrees/5110830afc02/01KZ0KS1S4XXSH47HG72R29XRH/EddysWallet/Models/WalletStore.swift /Users/kunchen/.no-mistakes/worktrees/5110830afc02/01KZ0KS1S4XXSH47HG72R29XRH/EddysWallet/Views/DetailViews.swift /Users/kunchen/.no-mistakes/worktrees/5110830afc02/01KZ0KS1S4XXSH47HG72R29XRH/EddysWallet/Views/FlowViews.swift (in target 'EddysWallet' from project 'EddysWallet')

SwiftCompile normal arm64 /Users/kunchen/.no-mistakes/worktrees/5110830afc02/01KZ0KS1S4XXSH47HG72R29XRH/EddysWallet/Models/WalletStore.swift (in target 'EddysWallet' from project 'EddysWallet')
    cd /Users/kunchen/.no-mistakes/worktrees/5110830afc02/01KZ0KS1S4XXSH47HG72R29XRH
    

SwiftCompile normal arm64 /Users/kunchen/.no-mistakes/worktrees/5110830afc02/01KZ0KS1S4XXSH47HG72R29XRH/EddysWallet/Views/DetailViews.swift (in target 'EddysWallet' from project 'EddysWallet')
    cd /Users/kunchen/.no-mistakes/worktrees/5110830afc02/01KZ0KS1S4XXSH47HG72R29XRH
    

SwiftCompile normal arm64 /Users/kunchen/.no-mistakes/worktrees/5110830afc02/01KZ0KS1S4XXSH47HG72R29XRH/EddysWallet/Views/FlowViews.swift (in target 'EddysWallet' from project 'EddysWallet')
    cd /Users/kunchen/.no-mistakes/worktrees/5110830afc02/01KZ0KS1S4XXSH47HG72R29XRH
    

SwiftCompile normal arm64 Compiling\ SetupView.swift,\ KidHomeView.swift,\ ParentAreaView.swift /Users/kunchen/.no-mistakes/worktrees/5110830afc02/01KZ0KS1S4XXSH47HG72R29XRH/EddysWallet/Views/SetupView.swift /Users/kunchen/.no-mistakes/worktrees/5110830afc02/01KZ0KS1S4XXSH47HG72R29XRH/EddysWallet/Views/KidHomeView.swift /Users/kunchen/.no-mistakes/worktrees/5110830afc02/01KZ0KS1S4XXSH47HG72R29XRH/EddysWallet/Views/ParentAreaView.swift (in target 'EddysWallet' from project 'EddysWallet')
SwiftCompile normal arm64 /Users/kunchen/.no-mistakes/worktrees/5110830afc02/01KZ0KS1S4XXSH47HG72R29XRH/EddysWallet/Views/SetupView.swift (in target 'EddysWallet' from project 'EddysWallet')
    cd /Users/kunchen/.no-mistakes/worktrees/5110830afc02/01KZ0KS1S4XXSH47HG72R29XRH
    

SwiftCompile normal arm64 /Users/kunchen/.no-mistakes/worktrees/5110830afc02/01KZ0KS1S4XXSH47HG72R29XRH/EddysWallet/Views/KidHomeView.swift (in target 'EddysWallet' from project 'EddysWallet')
    cd /Users/kunchen/.no-mistakes/worktrees/5110830afc02/01KZ0KS1S4XXSH47HG72R29XRH
    

SwiftCompile normal arm64 /Users/kunchen/.no-mistakes/worktrees/5110830afc02/01KZ0KS1S4XXSH47HG72R29XRH/EddysWallet/Views/ParentAreaView.swift (in target 'EddysWallet' from project 'EddysWallet')
    cd /Users/kunchen/.no-mistakes/worktrees/5110830afc02/01KZ0KS1S4XXSH47HG72R29XRH
    

SwiftDriverJobDiscovery normal arm64 Compiling WalletModel+CoreDataModel.swift, GeneratedAssetSymbols.swift (in target 'EddysWallet' from project 'EddysWallet')

SwiftCompile normal arm64 Compiling\ WalletRecord+CoreDataClass.swift,\ WalletRecord+CoreDataProperties.swift /Users/kunchen/.no-mistakes/worktrees/5110830afc02/01KZ0KS1S4XXSH47HG72R29XRH/.build/no-mistakes-release-validation/Build/Intermediates.noindex/EddysWallet.build/Release-iphoneos/EddysWallet.build/DerivedSources/CoreDataGenerated/WalletModel/WalletRecord+CoreDataClass.swift /Users/kunchen/.no-mistakes/worktrees/5110830afc02/01KZ0KS1S4XXSH47HG72R29XRH/.build/no-mistakes-release-validation/Build/Intermediates.noindex/EddysWallet.build/Release-iphoneos/EddysWallet.build/DerivedSources/CoreDataGenerated/WalletModel/WalletRecord+CoreDataProperties.swift (in target 'EddysWallet' from project 'EddysWallet')

SwiftCompile normal arm64 /Users/kunchen/.no-mistakes/worktrees/5110830afc02/01KZ0KS1S4XXSH47HG72R29XRH/.build/no-mistakes-release-validation/Build/Intermediates.noindex/EddysWallet.build/Release-iphoneos/EddysWallet.build/DerivedSources/CoreDataGenerated/WalletModel/WalletRecord+CoreDataClass.swift (in target 'EddysWallet' from project 'EddysWallet')
    cd /Users/kunchen/.no-mistakes/worktrees/5110830afc02/01KZ0KS1S4XXSH47HG72R29XRH
    

SwiftCompile normal arm64 /Users/kunchen/.no-mistakes/worktrees/5110830afc02/01KZ0KS1S4XXSH47HG72R29XRH/.build/no-mistakes-release-validation/Build/Intermediates.noindex/EddysWallet.build/Release-iphoneos/EddysWallet.build/DerivedSources/CoreDataGenerated/WalletModel/WalletRecord+CoreDataProperties.swift (in target 'EddysWallet' from project 'EddysWallet')
    cd /Users/kunchen/.no-mistakes/worktrees/5110830afc02/01KZ0KS1S4XXSH47HG72R29XRH
    

SwiftDriverJobDiscovery normal arm64 Emitting module for EddysWallet (in target 'EddysWallet' from project 'EddysWallet')

SwiftDriver\ Compilation\ Requirements EddysWallet normal arm64 com.apple.xcode.tools.swift.compiler (in target 'EddysWallet' from project 'EddysWallet')
    cd /Users/kunchen/.no-mistakes/worktrees/5110830afc02/01KZ0KS1S4XXSH47HG72R29XRH
    builtin-Swift-Compilation-Requirements -- /Applications/Xcode.app/Contents/Developer/Toolchains/XcodeDefault.xctoolchain/usr/bin/swiftc -module-name EddysWallet -O @/Users/kunchen/.no-mistakes/worktrees/5110830afc02/01KZ0KS1S4XXSH47HG72R29XRH/.build/no-mistakes-release-validation/Build/Intermediates.noindex/EddysWallet.build/Release-iphoneos/EddysWallet.build/Objects-normal/arm64/EddysWallet.SwiftFileList -enable-bare-slash-regex -enable-experimental-feature DebugDescriptionMacro -sdk /Applications/Xcode.app/Contents/Developer/Platforms/iPhoneOS.platform/Developer/SDKs/iPhoneOS26.4.sdk -target arm64-apple-ios17.0 -g -module-cache-path /Users/kunchen/.no-mistakes/worktrees/5110830afc02/01KZ0KS1S4XXSH47HG72R29XRH/.build/no-mistakes-release-validation/ModuleCache.noindex -Xfrontend -serialize-debugging-options -swift-version 5 -I /Users/kunchen/.no-mistakes/worktrees/5110830afc02/01KZ0KS1S4XXSH47HG72R29XRH/.build/no-mistakes-release-validation/Build/Products/Release-iphoneos -F /Users/kunchen/.no-mistakes/worktrees/5110830afc02/01KZ0KS1S4XXSH47HG72R29XRH/.build/no-mistakes-release-validation/Build/Products/Release-iphoneos -emit-localized-strings -emit-localized-strings-path /Users/kunchen/.no-mistakes/worktrees/5110830afc02/01KZ0KS1S4XXSH47HG72R29XRH/.build/no-mistakes-release-validation/Build/Intermediates.noindex/EddysWallet.build/Release-iphoneos/EddysWallet.build/Objects-normal/arm64 -c -j14 -enable-batch-mode -incremental -Xcc -ivfsstatcache -Xcc /Users/kunchen/.no-mistakes/worktrees/5110830afc02/01KZ0KS1S4XXSH47HG72R29XRH/.build/no-mistakes-release-validation/SDKStatCaches.noindex/iphoneos26.4-23E237-68a138bb55de9ba35ce6c8c40d12849e.sdkstatcache -output-file-map /Users/kunchen/.no-mistakes/worktrees/5110830afc02/01KZ0KS1S4XXSH47HG72R29XRH/.build/no-mistakes-release-validation/Build/Intermediates.noindex/EddysWallet.build/Release-iphoneos/EddysWallet.build/Objects-normal/arm64/EddysWallet-OutputFileMap.json -use-frontend-parseable-output -save-temps -no-color-diagnostics -explicit-module-build -module-cache-path /Users/kunchen/.no-mistakes/worktrees/5110830afc02/01KZ0KS1S4XXSH47HG72R29XRH/.build/no-mistakes-release-validation/Build/Intermediates.noindex/SwiftExplicitPrecompiledModules -clang-scanner-module-cache-path /Users/kunchen/.no-mistakes/worktrees/5110830afc02/01KZ0KS1S4XXSH47HG72R29XRH/.build/no-mistakes-release-validation/ModuleCache.noindex -sdk-module-cache-path /Users/kunchen/.no-mistakes/worktrees/5110830afc02/01KZ0KS1S4XXSH47HG72R29XRH/.build/no-mistakes-release-validation/ModuleCache.noindex -serialize-diagnostics -emit-dependencies -emit-module -emit-module-path /Users/kunchen/.no-mistakes/worktrees/5110830afc02/01KZ0KS1S4XXSH47HG72R29XRH/.build/no-mistakes-release-validation/Build/Intermediates.noindex/EddysWallet.build/Release-iphoneos/EddysWallet.build/Objects-normal/arm64/EddysWallet.swiftmodule -validate-clang-modules-once -clang-build-session-file /Users/kunchen/.no-mistakes/worktrees/5110830afc02/01KZ0KS1S4XXSH47HG72R29XRH/.build/no-mistakes-release-validation/ModuleCache.noindex/Session.modulevalidation -Xcc -I/Users/kunchen/.no-mistakes/worktrees/5110830afc02/01KZ0KS1S4XXSH47HG72R29XRH/.build/no-mistakes-release-validation/Build/Intermediates.noindex/EddysWallet.build/Release-iphoneos/EddysWallet.build/swift-overrides.hmap -emit-const-values -Xfrontend -const-gather-protocols-file -Xfrontend /Users/kunchen/.no-mistakes/worktrees/5110830afc02/01KZ0KS1S4XXSH47HG72R29XRH/.build/no-mistakes-release-validation/Build/Intermediates.noindex/EddysWallet.build/Release-iphoneos/EddysWallet.build/Objects-normal/arm64/EddysWallet_const_extract_protocols.json -Xcc -iquote -Xcc /Users/kunchen/.no-mistakes/worktrees/5110830afc02/01KZ0KS1S4XXSH47HG72R29XRH/.build/no-mistakes-release-validation/Build/Intermediates.noindex/EddysWallet.build/Release-iphoneos/EddysWallet.build/EddysWallet-generated-files.hmap -Xcc -I/Users/kunchen/.no-mistakes/worktrees/5110830afc02/01KZ0KS1S4XXSH47HG72R29XRH/.build/no-mistakes-release-validation/Build/Intermediates.noindex/EddysWallet.build/Release-iphoneos/EddysWallet.build/EddysWallet-own-target-headers.hmap -Xcc -I/Users/kunchen/.no-mistakes/worktrees/5110830afc02/01KZ0KS1S4XXSH47HG72R29XRH/.build/no-mistakes-release-validation/Build/Intermediates.noindex/EddysWallet.build/Release-iphoneos/EddysWallet.build/EddysWallet-all-target-headers.hmap -Xcc -iquote -Xcc /Users/kunchen/.no-mistakes/worktrees/5110830afc02/01KZ0KS1S4XXSH47HG72R29XRH/.build/no-mistakes-release-validation/Build/Intermediates.noindex/EddysWallet.build/Release-iphoneos/EddysWallet.build/EddysWallet-project-headers.hmap -Xcc -I/Users/kunchen/.no-mistakes/worktrees/5110830afc02/01KZ0KS1S4XXSH47HG72R29XRH/.build/no-mistakes-release-validation/Build/Products/Release-iphoneos/include -Xcc -I/Users/kunchen/.no-mistakes/worktrees/5110830afc02/01KZ0KS1S4XXSH47HG72R29XRH/.build/no-mistakes-release-validation/Build/Intermediates.noindex/EddysWallet.build/Release-iphoneos/EddysWallet.build/DerivedSources-normal/arm64 -Xcc -I/Users/kunchen/.no-mistakes/worktrees/5110830afc02/01KZ0KS1S4XXSH47HG72R29XRH/.build/no-mistakes-release-validation/Build/Intermediates.noindex/EddysWallet.build/Release-iphoneos/EddysWallet.build/DerivedSources/arm64 -Xcc -I/Users/kunchen/.no-mistakes/worktrees/5110830afc02/01KZ0KS1S4XXSH47HG72R29XRH/.build/no-mistakes-release-validation/Build/Intermediates.noindex/EddysWallet.build/Release-iphoneos/EddysWallet.build/DerivedSources -emit-objc-header -emit-objc-header-path /Users/kunchen/.no-mistakes/worktrees/5110830afc02/01KZ0KS1S4XXSH47HG72R29XRH/.build/no-mistakes-release-validation/Build/Intermediates.noindex/EddysWallet.build/Release-iphoneos/EddysWallet.build/Objects-normal/arm64/EddysWallet-Swift.h -working-directory /Users/kunchen/.no-mistakes/worktrees/5110830afc02/01KZ0KS1S4XXSH47HG72R29XRH -experimental-emit-module-separately -disable-cmo

SwiftDriverJobDiscovery normal arm64 Compiling CloudRecoveryEvidence.swift, CloudRecoveryEvidenceView.swift (in target 'EddysWallet' from project 'EddysWallet')

SwiftMergeGeneratedHeaders /Users/kunchen/.no-mistakes/worktrees/5110830afc02/01KZ0KS1S4XXSH47HG72R29XRH/.build/no-mistakes-release-validation/Build/Intermediates.noindex/EddysWallet.build/Release-iphoneos/EddysWallet.build/DerivedSources/EddysWallet-Swift.h /Users/kunchen/.no-mistakes/worktrees/5110830afc02/01KZ0KS1S4XXSH47HG72R29XRH/.build/no-mistakes-release-validation/Build/Intermediates.noindex/EddysWallet.build/Release-iphoneos/EddysWallet.build/Objects-normal/arm64/EddysWallet-Swift.h (in target 'EddysWallet' from project 'EddysWallet')
    cd /Users/kunchen/.no-mistakes/worktrees/5110830afc02/01KZ0KS1S4XXSH47HG72R29XRH
    builtin-swiftHeaderTool -arch arm64 /Users/kunchen/.no-mistakes/worktrees/5110830afc02/01KZ0KS1S4XXSH47HG72R29XRH/.build/no-mistakes-release-validation/Build/Intermediates.noindex/EddysWallet.build/Release-iphoneos/EddysWallet.build/Objects-normal/arm64/EddysWallet-Swift.h -o /Users/kunchen/.no-mistakes/worktrees/5110830afc02/01KZ0KS1S4XXSH47HG72R29XRH/.build/no-mistakes-release-validation/Build/Intermediates.noindex/EddysWallet.build/Release-iphoneos/EddysWallet.build/DerivedSources/EddysWallet-Swift.h

Copy /Users/kunchen/.no-mistakes/worktrees/5110830afc02/01KZ0KS1S4XXSH47HG72R29XRH/.build/no-mistakes-release-validation/Build/Products/Release-iphoneos/EddysWallet.swiftmodule/arm64-apple-ios.swiftmodule /Users/kunchen/.no-mistakes/worktrees/5110830afc02/01KZ0KS1S4XXSH47HG72R29XRH/.build/no-mistakes-release-validation/Build/Intermediates.noindex/EddysWallet.build/Release-iphoneos/EddysWallet.build/Objects-normal/arm64/EddysWallet.swiftmodule (in target 'EddysWallet' from project 'EddysWallet')
    cd /Users/kunchen/.no-mistakes/worktrees/5110830afc02/01KZ0KS1S4XXSH47HG72R29XRH
    builtin-copy -exclude .DS_Store -exclude CVS -exclude .svn -exclude .git -exclude .hg -strip-unsigned-binaries -strip-deterministic -strip-tool /Applications/Xcode.app/Contents/Developer/Toolchains/XcodeDefault.xctoolchain/usr/bin/strip -resolve-src-symlinks -rename /Users/kunchen/.no-mistakes/worktrees/5110830afc02/01KZ0KS1S4XXSH47HG72R29XRH/.build/no-mistakes-release-validation/Build/Intermediates.noindex/EddysWallet.build/Release-iphoneos/EddysWallet.build/Objects-normal/arm64/EddysWallet.swiftmodule /Users/kunchen/.no-mistakes/worktrees/5110830afc02/01KZ0KS1S4XXSH47HG72R29XRH/.build/no-mistakes-release-validation/Build/Products/Release-iphoneos/EddysWallet.swiftmodule/arm64-apple-ios.swiftmodule

Copy /Users/kunchen/.no-mistakes/worktrees/5110830afc02/01KZ0KS1S4XXSH47HG72R29XRH/.build/no-mistakes-release-validation/Build/Products/Release-iphoneos/EddysWallet.swiftmodule/arm64-apple-ios.swiftdoc /Users/kunchen/.no-mistakes/worktrees/5110830afc02/01KZ0KS1S4XXSH47HG72R29XRH/.build/no-mistakes-release-validation/Build/Intermediates.noindex/EddysWallet.build/Release-iphoneos/EddysWallet.build/Objects-normal/arm64/EddysWallet.swiftdoc (in target 'EddysWallet' from project 'EddysWallet')
    cd /Users/kunchen/.no-mistakes/worktrees/5110830afc02/01KZ0KS1S4XXSH47HG72R29XRH
    builtin-copy -exclude .DS_Store -exclude CVS -exclude .svn -exclude .git -exclude .hg -strip-unsigned-binaries -strip-deterministic -strip-tool /Applications/Xcode.app/Contents/Developer/Toolchains/XcodeDefault.xctoolchain/usr/bin/strip -resolve-src-symlinks -rename /Users/kunchen/.no-mistakes/worktrees/5110830afc02/01KZ0KS1S4XXSH47HG72R29XRH/.build/no-mistakes-release-validation/Build/Intermediates.noindex/EddysWallet.build/Release-iphoneos/EddysWallet.build/Objects-normal/arm64/EddysWallet.swiftdoc /Users/kunchen/.no-mistakes/worktrees/5110830afc02/01KZ0KS1S4XXSH47HG72R29XRH/.build/no-mistakes-release-validation/Build/Products/Release-iphoneos/EddysWallet.swiftmodule/arm64-apple-ios.swiftdoc

Copy /Users/kunchen/.no-mistakes/worktrees/5110830afc02/01KZ0KS1S4XXSH47HG72R29XRH/.build/no-mistakes-release-validation/Build/Products/Release-iphoneos/EddysWallet.swiftmodule/arm64-apple-ios.abi.json /Users/kunchen/.no-mistakes/worktrees/5110830afc02/01KZ0KS1S4XXSH47HG72R29XRH/.build/no-mistakes-release-validation/Build/Intermediates.noindex/EddysWallet.build/Release-iphoneos/EddysWallet.build/Objects-normal/arm64/EddysWallet.abi.json (in target 'EddysWallet' from project 'EddysWallet')
    cd /Users/kunchen/.no-mistakes/worktrees/5110830afc02/01KZ0KS1S4XXSH47HG72R29XRH
    builtin-copy -exclude .DS_Store -exclude CVS -exclude .svn -exclude .git -exclude .hg -strip-unsigned-binaries -strip-deterministic -strip-tool /Applications/Xcode.app/Contents/Developer/Toolchains/XcodeDefault.xctoolchain/usr/bin/strip -resolve-src-symlinks -rename /Users/kunchen/.no-mistakes/worktrees/5110830afc02/01KZ0KS1S4XXSH47HG72R29XRH/.build/no-mistakes-release-validation/Build/Intermediates.noindex/EddysWallet.build/Release-iphoneos/EddysWallet.build/Objects-normal/arm64/EddysWallet.abi.json /Users/kunchen/.no-mistakes/worktrees/5110830afc02/01KZ0KS1S4XXSH47HG72R29XRH/.build/no-mistakes-release-validation/Build/Products/Release-iphoneos/EddysWallet.swiftmodule/arm64-apple-ios.abi.json

Copy /Users/kunchen/.no-mistakes/worktrees/5110830afc02/01KZ0KS1S4XXSH47HG72R29XRH/.build/no-mistakes-release-validation/Build/Products/Release-iphoneos/EddysWallet.swiftmodule/Project/arm64-apple-ios.swiftsourceinfo /Users/kunchen/.no-mistakes/worktrees/5110830afc02/01KZ0KS1S4XXSH47HG72R29XRH/.build/no-mistakes-release-validation/Build/Intermediates.noindex/EddysWallet.build/Release-iphoneos/EddysWallet.build/Objects-normal/arm64/EddysWallet.swiftsourceinfo (in target 'EddysWallet' from project 'EddysWallet')
    cd /Users/kunchen/.no-mistakes/worktrees/5110830afc02/01KZ0KS1S4XXSH47HG72R29XRH
    builtin-copy -exclude .DS_Store -exclude CVS -exclude .svn -exclude .git -exclude .hg -strip-unsigned-binaries -strip-deterministic -strip-tool /Applications/Xcode.app/Contents/Developer/Toolchains/XcodeDefault.xctoolchain/usr/bin/strip -resolve-src-symlinks -rename /Users/kunchen/.no-mistakes/worktrees/5110830afc02/01KZ0KS1S4XXSH47HG72R29XRH/.build/no-mistakes-release-validation/Build/Intermediates.noindex/EddysWallet.build/Release-iphoneos/EddysWallet.build/Objects-normal/arm64/EddysWallet.swiftsourceinfo /Users/kunchen/.no-mistakes/worktrees/5110830afc02/01KZ0KS1S4XXSH47HG72R29XRH/.build/no-mistakes-release-validation/Build/Products/Release-iphoneos/EddysWallet.swiftmodule/Project/arm64-apple-ios.swiftsourceinfo

SwiftDriverJobDiscovery normal arm64 Compiling WalletRecord+CoreDataClass.swift, WalletRecord+CoreDataProperties.swift (in target 'EddysWallet' from project 'EddysWallet')

SwiftDriverJobDiscovery normal arm64 Compiling LocalWalletPersistence.swift, LocalWalletRepository.swift (in target 'EddysWallet' from project 'EddysWallet')

SwiftDriverJobDiscovery normal arm64 Compiling CloudReplicaMapping.swift, CloudDiagnosticsView.swift (in target 'EddysWallet' from project 'EddysWallet')

LinkAssetCatalog /Users/kunchen/.no-mistakes/worktrees/5110830afc02/01KZ0KS1S4XXSH47HG72R29XRH/EddysWallet/Assets.xcassets (in target 'EddysWallet' from project 'EddysWallet')
    cd /Users/kunchen/.no-mistakes/worktrees/5110830afc02/01KZ0KS1S4XXSH47HG72R29XRH
    builtin-linkAssetCatalog --thinned /Users/kunchen/.no-mistakes/worktrees/5110830afc02/01KZ0KS1S4XXSH47HG72R29XRH/.build/no-mistakes-release-validation/Build/Intermediates.noindex/EddysWallet.build/Release-iphoneos/EddysWallet.build/assetcatalog_output/thinned --thinned-dependencies /Users/kunchen/.no-mistakes/worktrees/5110830afc02/01KZ0KS1S4XXSH47HG72R29XRH/.build/no-mistakes-release-validation/Build/Intermediates.noindex/EddysWallet.build/Release-iphoneos/EddysWallet.build/assetcatalog_dependencies_thinned --thinned-info-plist-content /Users/kunchen/.no-mistakes/worktrees/5110830afc02/01KZ0KS1S4XXSH47HG72R29XRH/.build/no-mistakes-release-validation/Build/Intermediates.noindex/EddysWallet.build/Release-iphoneos/EddysWallet.build/assetcatalog_generated_info.plist_thinned --unthinned /Users/kunchen/.no-mistakes/worktrees/5110830afc02/01KZ0KS1S4XXSH47HG72R29XRH/.build/no-mistakes-release-validation/Build/Intermediates.noindex/EddysWallet.build/Release-iphoneos/EddysWallet.build/assetcatalog_output/unthinned --unthinned-dependencies /Users/kunchen/.no-mistakes/worktrees/5110830afc02/01KZ0KS1S4XXSH47HG72R29XRH/.build/no-mistakes-release-validation/Build/Intermediates.noindex/EddysWallet.build/Release-iphoneos/EddysWallet.build/assetcatalog_dependencies_unthinned --unthinned-info-plist-content /Users/kunchen/.no-mistakes/worktrees/5110830afc02/01KZ0KS1S4XXSH47HG72R29XRH/.build/no-mistakes-release-validation/Build/Intermediates.noindex/EddysWallet.build/Release-iphoneos/EddysWallet.build/assetcatalog_generated_info.plist_unthinned --output /Users/kunchen/.no-mistakes/worktrees/5110830afc02/01KZ0KS1S4XXSH47HG72R29XRH/.build/no-mistakes-release-validation/Build/Products/Release-iphoneos/EddysWallet.app --plist-output /Users/kunchen/.no-mistakes/worktrees/5110830afc02/01KZ0KS1S4XXSH47HG72R29XRH/.build/no-mistakes-release-validation/Build/Intermediates.noindex/EddysWallet.build/Release-iphoneos/EddysWallet.build/assetcatalog_generated_info.plist
note: Emplaced /Users/kunchen/.no-mistakes/worktrees/5110830afc02/01KZ0KS1S4XXSH47HG72R29XRH/.build/no-mistakes-release-validation/Build/Products/Release-iphoneos/EddysWallet.app/Assets.car (in target 'EddysWallet' from project 'EddysWallet')
note: Emplaced /Users/kunchen/.no-mistakes/worktrees/5110830afc02/01KZ0KS1S4XXSH47HG72R29XRH/.build/no-mistakes-release-validation/Build/Products/Release-iphoneos/EddysWallet.app/AppIcon76x76@2x~ipad.png (in target 'EddysWallet' from project 'EddysWallet')
note: Emplaced /Users/kunchen/.no-mistakes/worktrees/5110830afc02/01KZ0KS1S4XXSH47HG72R29XRH/.build/no-mistakes-release-validation/Build/Products/Release-iphoneos/EddysWallet.app/AppIcon60x60@2x.png (in target 'EddysWallet' from project 'EddysWallet')

ProcessInfoPlistFile /Users/kunchen/.no-mistakes/worktrees/5110830afc02/01KZ0KS1S4XXSH47HG72R29XRH/.build/no-mistakes-release-validation/Build/Products/Release-iphoneos/EddysWallet.app/Info.plist /Users/kunchen/.no-mistakes/worktrees/5110830afc02/01KZ0KS1S4XXSH47HG72R29XRH/.build/no-mistakes-release-validation/Build/Intermediates.noindex/EddysWallet.build/Release-iphoneos/EddysWallet.build/empty-EddysWallet.plist (in target 'EddysWallet' from project 'EddysWallet')
    cd /Users/kunchen/.no-mistakes/worktrees/5110830afc02/01KZ0KS1S4XXSH47HG72R29XRH
    builtin-infoPlistUtility /Users/kunchen/.no-mistakes/worktrees/5110830afc02/01KZ0KS1S4XXSH47HG72R29XRH/.build/no-mistakes-release-validation/Build/Intermediates.noindex/EddysWallet.build/Release-iphoneos/EddysWallet.build/empty-EddysWallet.plist -producttype com.apple.product-type.application -genpkginfo /Users/kunchen/.no-mistakes/worktrees/5110830afc02/01KZ0KS1S4XXSH47HG72R29XRH/.build/no-mistakes-release-validation/Build/Products/Release-iphoneos/EddysWallet.app/PkgInfo -expandbuildsettings -format binary -platform iphoneos -additionalcontentfile /Users/kunchen/.no-mistakes/worktrees/5110830afc02/01KZ0KS1S4XXSH47HG72R29XRH/.build/no-mistakes-release-validation/Build/Intermediates.noindex/EddysWallet.build/Release-iphoneos/EddysWallet.build/assetcatalog_generated_info.plist -requiredArchitecture arm64 -o /Users/kunchen/.no-mistakes/worktrees/5110830afc02/01KZ0KS1S4XXSH47HG72R29XRH/.build/no-mistakes-release-validation/Build/Products/Release-iphoneos/EddysWallet.app/Info.plist

SwiftDriverJobDiscovery normal arm64 Compiling CloudWalletRepository.swift, CloudImportEncoding.swift (in target 'EddysWallet' from project 'EddysWallet')

SwiftDriverJobDiscovery normal arm64 Compiling ParentGateView.swift, WalletComponents.swift, DebugScenarios.swift (in target 'EddysWallet' from project 'EddysWallet')

SwiftDriverJobDiscovery normal arm64 Compiling ExistingWalletView.swift, CloudAPIClient.swift (in target 'EddysWallet' from project 'EddysWallet')

SwiftDriverJobDiscovery normal arm64 Compiling CloudSubscriptionStore.swift, CloudStatusView.swift (in target 'EddysWallet' from project 'EddysWallet')

SwiftDriverJobDiscovery normal arm64 Compiling CloudModels.swift, CloudCoordinator.swift (in target 'EddysWallet' from project 'EddysWallet')

SwiftDriverJobDiscovery normal arm64 Compiling EddysWalletApp.swift, NativeDesignSystem.swift, WalletModels.swift (in target 'EddysWallet' from project 'EddysWallet')

SwiftDriverJobDiscovery normal arm64 Compiling WalletStore.swift, DetailViews.swift, FlowViews.swift (in target 'EddysWallet' from project 'EddysWallet')

SwiftDriverJobDiscovery normal arm64 Compiling WelcomeView.swift, WalletAPI.swift, AppleSignIn.swift (in target 'EddysWallet' from project 'EddysWallet')

SwiftDriverJobDiscovery normal arm64 Compiling SetupView.swift, KidHomeView.swift, ParentAreaView.swift (in target 'EddysWallet' from project 'EddysWallet')

SwiftDriver\ Compilation EddysWallet normal arm64 com.apple.xcode.tools.swift.compiler (in target 'EddysWallet' from project 'EddysWallet')
    cd /Users/kunchen/.no-mistakes/worktrees/5110830afc02/01KZ0KS1S4XXSH47HG72R29XRH
    builtin-Swift-Compilation -- /Applications/Xcode.app/Contents/Developer/Toolchains/XcodeDefault.xctoolchain/usr/bin/swiftc -module-name EddysWallet -O @/Users/kunchen/.no-mistakes/worktrees/5110830afc02/01KZ0KS1S4XXSH47HG72R29XRH/.build/no-mistakes-release-validation/Build/Intermediates.noindex/EddysWallet.build/Release-iphoneos/EddysWallet.build/Objects-normal/arm64/EddysWallet.SwiftFileList -enable-bare-slash-regex -enable-experimental-feature DebugDescriptionMacro -sdk /Applications/Xcode.app/Contents/Developer/Platforms/iPhoneOS.platform/Developer/SDKs/iPhoneOS26.4.sdk -target arm64-apple-ios17.0 -g -module-cache-path /Users/kunchen/.no-mistakes/worktrees/5110830afc02/01KZ0KS1S4XXSH47HG72R29XRH/.build/no-mistakes-release-validation/ModuleCache.noindex -Xfrontend -serialize-debugging-options -swift-version 5 -I /Users/kunchen/.no-mistakes/worktrees/5110830afc02/01KZ0KS1S4XXSH47HG72R29XRH/.build/no-mistakes-release-validation/Build/Products/Release-iphoneos -F /Users/kunchen/.no-mistakes/worktrees/5110830afc02/01KZ0KS1S4XXSH47HG72R29XRH/.build/no-mistakes-release-validation/Build/Products/Release-iphoneos -emit-localized-strings -emit-localized-strings-path /Users/kunchen/.no-mistakes/worktrees/5110830afc02/01KZ0KS1S4XXSH47HG72R29XRH/.build/no-mistakes-release-validation/Build/Intermediates.noindex/EddysWallet.build/Release-iphoneos/EddysWallet.build/Objects-normal/arm64 -c -j14 -enable-batch-mode -incremental -Xcc -ivfsstatcache -Xcc /Users/kunchen/.no-mistakes/worktrees/5110830afc02/01KZ0KS1S4XXSH47HG72R29XRH/.build/no-mistakes-release-validation/SDKStatCaches.noindex/iphoneos26.4-23E237-68a138bb55de9ba35ce6c8c40d12849e.sdkstatcache -output-file-map /Users/kunchen/.no-mistakes/worktrees/5110830afc02/01KZ0KS1S4XXSH47HG72R29XRH/.build/no-mistakes-release-validation/Build/Intermediates.noindex/EddysWallet.build/Release-iphoneos/EddysWallet.build/Objects-normal/arm64/EddysWallet-OutputFileMap.json -use-frontend-parseable-output -save-temps -no-color-diagnostics -explicit-module-build -module-cache-path /Users/kunchen/.no-mistakes/worktrees/5110830afc02/01KZ0KS1S4XXSH47HG72R29XRH/.build/no-mistakes-release-validation/Build/Intermediates.noindex/SwiftExplicitPrecompiledModules -clang-scanner-module-cache-path /Users/kunchen/.no-mistakes/worktrees/5110830afc02/01KZ0KS1S4XXSH47HG72R29XRH/.build/no-mistakes-release-validation/ModuleCache.noindex -sdk-module-cache-path /Users/kunchen/.no-mistakes/worktrees/5110830afc02/01KZ0KS1S4XXSH47HG72R29XRH/.build/no-mistakes-release-validation/ModuleCache.noindex -serialize-diagnostics -emit-dependencies -emit-module -emit-module-path /Users/kunchen/.no-mistakes/worktrees/5110830afc02/01KZ0KS1S4XXSH47HG72R29XRH/.build/no-mistakes-release-validation/Build/Intermediates.noindex/EddysWallet.build/Release-iphoneos/EddysWallet.build/Objects-normal/arm64/EddysWallet.swiftmodule -validate-clang-modules-once -clang-build-session-file /Users/kunchen/.no-mistakes/worktrees/5110830afc02/01KZ0KS1S4XXSH47HG72R29XRH/.build/no-mistakes-release-validation/ModuleCache.noindex/Session.modulevalidation -Xcc -I/Users/kunchen/.no-mistakes/worktrees/5110830afc02/01KZ0KS1S4XXSH47HG72R29XRH/.build/no-mistakes-release-validation/Build/Intermediates.noindex/EddysWallet.build/Release-iphoneos/EddysWallet.build/swift-overrides.hmap -emit-const-values -Xfrontend -const-gather-protocols-file -Xfrontend /Users/kunchen/.no-mistakes/worktrees/5110830afc02/01KZ0KS1S4XXSH47HG72R29XRH/.build/no-mistakes-release-validation/Build/Intermediates.noindex/EddysWallet.build/Release-iphoneos/EddysWallet.build/Objects-normal/arm64/EddysWallet_const_extract_protocols.json -Xcc -iquote -Xcc /Users/kunchen/.no-mistakes/worktrees/5110830afc02/01KZ0KS1S4XXSH47HG72R29XRH/.build/no-mistakes-release-validation/Build/Intermediates.noindex/EddysWallet.build/Release-iphoneos/EddysWallet.build/EddysWallet-generated-files.hmap -Xcc -I/Users/kunchen/.no-mistakes/worktrees/5110830afc02/01KZ0KS1S4XXSH47HG72R29XRH/.build/no-mistakes-release-validation/Build/Intermediates.noindex/EddysWallet.build/Release-iphoneos/EddysWallet.build/EddysWallet-own-target-headers.hmap -Xcc -I/Users/kunchen/.no-mistakes/worktrees/5110830afc02/01KZ0KS1S4XXSH47HG72R29XRH/.build/no-mistakes-release-validation/Build/Intermediates.noindex/EddysWallet.build/Release-iphoneos/EddysWallet.build/EddysWallet-all-target-headers.hmap -Xcc -iquote -Xcc /Users/kunchen/.no-mistakes/worktrees/5110830afc02/01KZ0KS1S4XXSH47HG72R29XRH/.build/no-mistakes-release-validation/Build/Intermediates.noindex/EddysWallet.build/Release-iphoneos/EddysWallet.build/EddysWallet-project-headers.hmap -Xcc -I/Users/kunchen/.no-mistakes/worktrees/5110830afc02/01KZ0KS1S4XXSH47HG72R29XRH/.build/no-mistakes-release-validation/Build/Products/Release-iphoneos/include -Xcc -I/Users/kunchen/.no-mistakes/worktrees/5110830afc02/01KZ0KS1S4XXSH47HG72R29XRH/.build/no-mistakes-release-validation/Build/Intermediates.noindex/EddysWallet.build/Release-iphoneos/EddysWallet.build/DerivedSources-normal/arm64 -Xcc -I/Users/kunchen/.no-mistakes/worktrees/5110830afc02/01KZ0KS1S4XXSH47HG72R29XRH/.build/no-mistakes-release-validation/Build/Intermediates.noindex/EddysWallet.build/Release-iphoneos/EddysWallet.build/DerivedSources/arm64 -Xcc -I/Users/kunchen/.no-mistakes/worktrees/5110830afc02/01KZ0KS1S4XXSH47HG72R29XRH/.build/no-mistakes-release-validation/Build/Intermediates.noindex/EddysWallet.build/Release-iphoneos/EddysWallet.build/DerivedSources -emit-objc-header -emit-objc-header-path /Users/kunchen/.no-mistakes/worktrees/5110830afc02/01KZ0KS1S4XXSH47HG72R29XRH/.build/no-mistakes-release-validation/Build/Intermediates.noindex/EddysWallet.build/Release-iphoneos/EddysWallet.build/Objects-normal/arm64/EddysWallet-Swift.h -working-directory /Users/kunchen/.no-mistakes/worktrees/5110830afc02/01KZ0KS1S4XXSH47HG72R29XRH -experimental-emit-module-separately -disable-cmo

Ld /Users/kunchen/.no-mistakes/worktrees/5110830afc02/01KZ0KS1S4XXSH47HG72R29XRH/.build/no-mistakes-release-validation/Build/Products/Release-iphoneos/EddysWallet.app/EddysWallet normal (in target 'EddysWallet' from project 'EddysWallet')
    cd /Users/kunchen/.no-mistakes/worktrees/5110830afc02/01KZ0KS1S4XXSH47HG72R29XRH
    /Applications/Xcode.app/Contents/Developer/Toolchains/XcodeDefault.xctoolchain/usr/bin/clang -Xlinker -reproducible -target arm64-apple-ios17.0 -isysroot /Applications/Xcode.app/Contents/Developer/Platforms/iPhoneOS.platform/Developer/SDKs/iPhoneOS26.4.sdk -Os -L/Users/kunchen/.no-mistakes/worktrees/5110830afc02/01KZ0KS1S4XXSH47HG72R29XRH/.build/no-mistakes-release-validation/Build/Intermediates.noindex/EagerLinkingTBDs/Release-iphoneos -L/Users/kunchen/.no-mistakes/worktrees/5110830afc02/01KZ0KS1S4XXSH47HG72R29XRH/.build/no-mistakes-release-validation/Build/Products/Release-iphoneos -F/Users/kunchen/.no-mistakes/worktrees/5110830afc02/01KZ0KS1S4XXSH47HG72R29XRH/.build/no-mistakes-release-validation/Build/Intermediates.noindex/EagerLinkingTBDs/Release-iphoneos -F/Users/kunchen/.no-mistakes/worktrees/5110830afc02/01KZ0KS1S4XXSH47HG72R29XRH/.build/no-mistakes-release-validation/Build/Products/Release-iphoneos -filelist /Users/kunchen/.no-mistakes/worktrees/5110830afc02/01KZ0KS1S4XXSH47HG72R29XRH/.build/no-mistakes-release-validation/Build/Intermediates.noindex/EddysWallet.build/Release-iphoneos/EddysWallet.build/Objects-normal/arm64/EddysWallet.LinkFileList -Xlinker -rpath -Xlinker /usr/lib/swift -Xlinker -rpath -Xlinker @executable_path/Frameworks -Xlinker -dead_strip -Xlinker -object_path_lto -Xlinker /Users/kunchen/.no-mistakes/worktrees/5110830afc02/01KZ0KS1S4XXSH47HG72R29XRH/.build/no-mistakes-release-validation/Build/Intermediates.noindex/EddysWallet.build/Release-iphoneos/EddysWallet.build/Objects-normal/arm64/EddysWallet_lto.o -Xlinker -dependency_info -Xlinker /Users/kunchen/.no-mistakes/worktrees/5110830afc02/01KZ0KS1S4XXSH47HG72R29XRH/.build/no-mistakes-release-validation/Build/Intermediates.noindex/EddysWallet.build/Release-iphoneos/EddysWallet.build/Objects-normal/arm64/EddysWallet_dependency_info.dat -fobjc-link-runtime -L/Applications/Xcode.app/Contents/Developer/Toolchains/XcodeDefault.xctoolchain/usr/lib/swift/iphoneos -L/usr/lib/swift -Xlinker -add_ast_path -Xlinker /Users/kunchen/.no-mistakes/worktrees/5110830afc02/01KZ0KS1S4XXSH47HG72R29XRH/.build/no-mistakes-release-validation/Build/Intermediates.noindex/EddysWallet.build/Release-iphoneos/EddysWallet.build/Objects-normal/arm64/EddysWallet.swiftmodule @/Users/kunchen/.no-mistakes/worktrees/5110830afc02/01KZ0KS1S4XXSH47HG72R29XRH/.build/no-mistakes-release-validation/Build/Intermediates.noindex/EddysWallet.build/Release-iphoneos/EddysWallet.build/Objects-normal/arm64/EddysWallet-linker-args.resp -o /Users/kunchen/.no-mistakes/worktrees/5110830afc02/01KZ0KS1S4XXSH47HG72R29XRH/.build/no-mistakes-release-validation/Build/Products/Release-iphoneos/EddysWallet.app/EddysWallet

CopySwiftLibs /Users/kunchen/.no-mistakes/worktrees/5110830afc02/01KZ0KS1S4XXSH47HG72R29XRH/.build/no-mistakes-release-validation/Build/Products/Release-iphoneos/EddysWallet.app (in target 'EddysWallet' from project 'EddysWallet')
    cd /Users/kunchen/.no-mistakes/worktrees/5110830afc02/01KZ0KS1S4XXSH47HG72R29XRH
    builtin-swiftStdLibTool --copy --verbose --scan-executable /Users/kunchen/.no-mistakes/worktrees/5110830afc02/01KZ0KS1S4XXSH47HG72R29XRH/.build/no-mistakes-release-validation/Build/Products/Release-iphoneos/EddysWallet.app/EddysWallet --scan-folder /Users/kunchen/.no-mistakes/worktrees/5110830afc02/01KZ0KS1S4XXSH47HG72R29XRH/.build/no-mistakes-release-validation/Build/Products/Release-iphoneos/EddysWallet.app/Frameworks --scan-folder /Users/kunchen/.no-mistakes/worktrees/5110830afc02/01KZ0KS1S4XXSH47HG72R29XRH/.build/no-mistakes-release-validation/Build/Products/Release-iphoneos/EddysWallet.app/PlugIns --scan-folder /Users/kunchen/.no-mistakes/worktrees/5110830afc02/01KZ0KS1S4XXSH47HG72R29XRH/.build/no-mistakes-release-validation/Build/Products/Release-iphoneos/EddysWallet.app/SystemExtensions --scan-folder /Users/kunchen/.no-mistakes/worktrees/5110830afc02/01KZ0KS1S4XXSH47HG72R29XRH/.build/no-mistakes-release-validation/Build/Products/Release-iphoneos/EddysWallet.app/Extensions --platform iphoneos --toolchain /Applications/Xcode.app/Contents/Developer/Toolchains/XcodeDefault.xctoolchain --destination /Users/kunchen/.no-mistakes/worktrees/5110830afc02/01KZ0KS1S4XXSH47HG72R29XRH/.build/no-mistakes-release-validation/Build/Products/Release-iphoneos/EddysWallet.app/Frameworks --strip-bitcode --strip-bitcode-tool /Applications/Xcode.app/Contents/Developer/Toolchains/XcodeDefault.xctoolchain/usr/bin/bitcode_strip --emit-dependency-info /Users/kunchen/.no-mistakes/worktrees/5110830afc02/01KZ0KS1S4XXSH47HG72R29XRH/.build/no-mistakes-release-validation/Build/Intermediates.noindex/EddysWallet.build/Release-iphoneos/EddysWallet.build/SwiftStdLibToolInputDependencies.dep --filter-for-swift-os --back-deploy-swift-span
Ignoring --strip-bitcode because --sign was not passed

ExtractAppIntentsMetadata (in target 'EddysWallet' from project 'EddysWallet')
    cd /Users/kunchen/.no-mistakes/worktrees/5110830afc02/01KZ0KS1S4XXSH47HG72R29XRH
    /Applications/Xcode.app/Contents/Developer/Toolchains/XcodeDefault.xctoolchain/usr/bin/appintentsmetadataprocessor --toolchain-dir /Applications/Xcode.app/Contents/Developer/Toolchains/XcodeDefault.xctoolchain --module-name EddysWallet --sdk-root /Applications/Xcode.app/Contents/Developer/Platforms/iPhoneOS.platform/Developer/SDKs/iPhoneOS26.4.sdk --xcode-version 17E192 --platform-family iOS --deployment-target 17.0 --bundle-identifier com.kunchenguid.eddieswallet --output /Users/kunchen/.no-mistakes/worktrees/5110830afc02/01KZ0KS1S4XXSH47HG72R29XRH/.build/no-mistakes-release-validation/Build/Products/Release-iphoneos/EddysWallet.app --target-triple arm64-apple-ios17.0 --binary-file /Users/kunchen/.no-mistakes/worktrees/5110830afc02/01KZ0KS1S4XXSH47HG72R29XRH/.build/no-mistakes-release-validation/Build/Products/Release-iphoneos/EddysWallet.app/EddysWallet --dependency-file /Users/kunchen/.no-mistakes/worktrees/5110830afc02/01KZ0KS1S4XXSH47HG72R29XRH/.build/no-mistakes-release-validation/Build/Intermediates.noindex/EddysWallet.build/Release-iphoneos/EddysWallet.build/Objects-normal/arm64/EddysWallet_dependency_info.dat --stringsdata-file /Users/kunchen/.no-mistakes/worktrees/5110830afc02/01KZ0KS1S4XXSH47HG72R29XRH/.build/no-mistakes-release-validation/Build/Intermediates.noindex/EddysWallet.build/Release-iphoneos/EddysWallet.build/Objects-normal/arm64/ExtractedAppShortcutsMetadata.stringsdata --source-file-list /Users/kunchen/.no-mistakes/worktrees/5110830afc02/01KZ0KS1S4XXSH47HG72R29XRH/.build/no-mistakes-release-validation/Build/Intermediates.noindex/EddysWallet.build/Release-iphoneos/EddysWallet.build/Objects-normal/arm64/EddysWallet.SwiftFileList --metadata-file-list /Users/kunchen/.no-mistakes/worktrees/5110830afc02/01KZ0KS1S4XXSH47HG72R29XRH/.build/no-mistakes-release-validation/Build/Intermediates.noindex/EddysWallet.build/Release-iphoneos/EddysWallet.build/EddysWallet.DependencyMetadataFileList --static-metadata-file-list /Users/kunchen/.no-mistakes/worktrees/5110830afc02/01KZ0KS1S4XXSH47HG72R29XRH/.build/no-mistakes-release-validation/Build/Intermediates.noindex/EddysWallet.build/Release-iphoneos/EddysWallet.build/EddysWallet.DependencyStaticMetadataFileList --swift-const-vals-list /Users/kunchen/.no-mistakes/worktrees/5110830afc02/01KZ0KS1S4XXSH47HG72R29XRH/.build/no-mistakes-release-validation/Build/Intermediates.noindex/EddysWallet.build/Release-iphoneos/EddysWallet.build/Objects-normal/arm64/EddysWallet.SwiftConstValuesFileList --compile-time-extraction --deployment-aware-processing --validate-assistant-intents --no-app-shortcuts-localization
2026-08-01 23:52:21.792 appintentsmetadataprocessor[87197:477094652] Starting appintentsmetadataprocessor export
2026-08-01 23:52:21.794 appintentsmetadataprocessor[87197:477094652] warning: Metadata extraction skipped. No AppIntents.framework dependency found.

GenerateDSYMFile /Users/kunchen/.no-mistakes/worktrees/5110830afc02/01KZ0KS1S4XXSH47HG72R29XRH/.build/no-mistakes-release-validation/Build/Products/Release-iphoneos/EddysWallet.app.dSYM /Users/kunchen/.no-mistakes/worktrees/5110830afc02/01KZ0KS1S4XXSH47HG72R29XRH/.build/no-mistakes-release-validation/Build/Products/Release-iphoneos/EddysWallet.app/EddysWallet (in target 'EddysWallet' from project 'EddysWallet')
    cd /Users/kunchen/.no-mistakes/worktrees/5110830afc02/01KZ0KS1S4XXSH47HG72R29XRH
    /Applications/Xcode.app/Contents/Developer/Toolchains/XcodeDefault.xctoolchain/usr/bin/dsymutil /Users/kunchen/.no-mistakes/worktrees/5110830afc02/01KZ0KS1S4XXSH47HG72R29XRH/.build/no-mistakes-release-validation/Build/Products/Release-iphoneos/EddysWallet.app/EddysWallet -o /Users/kunchen/.no-mistakes/worktrees/5110830afc02/01KZ0KS1S4XXSH47HG72R29XRH/.build/no-mistakes-release-validation/Build/Products/Release-iphoneos/EddysWallet.app.dSYM

AppIntentsSSUTraining (in target 'EddysWallet' from project 'EddysWallet')
    cd /Users/kunchen/.no-mistakes/worktrees/5110830afc02/01KZ0KS1S4XXSH47HG72R29XRH
    /Applications/Xcode.app/Contents/Developer/Toolchains/XcodeDefault.xctoolchain/usr/bin/appintentsnltrainingprocessor --infoplist-path /Users/kunchen/.no-mistakes/worktrees/5110830afc02/01KZ0KS1S4XXSH47HG72R29XRH/.build/no-mistakes-release-validation/Build/Products/Release-iphoneos/EddysWallet.app/Info.plist --temp-dir-path /Users/kunchen/.no-mistakes/worktrees/5110830afc02/01KZ0KS1S4XXSH47HG72R29XRH/.build/no-mistakes-release-validation/Build/Intermediates.noindex/EddysWallet.build/Release-iphoneos/EddysWallet.build/ssu --bundle-id com.kunchenguid.eddieswallet --product-path /Users/kunchen/.no-mistakes/worktrees/5110830afc02/01KZ0KS1S4XXSH47HG72R29XRH/.build/no-mistakes-release-validation/Build/Products/Release-iphoneos/EddysWallet.app --extracted-metadata-path /Users/kunchen/.no-mistakes/worktrees/5110830afc02/01KZ0KS1S4XXSH47HG72R29XRH/.build/no-mistakes-release-validation/Build/Products/Release-iphoneos/EddysWallet.app/Metadata.appintents --metadata-file-list /Users/kunchen/.no-mistakes/worktrees/5110830afc02/01KZ0KS1S4XXSH47HG72R29XRH/.build/no-mistakes-release-validation/Build/Intermediates.noindex/EddysWallet.build/Release-iphoneos/EddysWallet.build/EddysWallet.DependencyMetadataFileList --source-file /Users/kunchen/.no-mistakes/worktrees/5110830afc02/01KZ0KS1S4XXSH47HG72R29XRH/.build/no-mistakes-release-validation/Build/Products/Release-iphoneos/EddysWallet.app/Info.plist --archive-ssu-assets
2026-08-01 23:52:21.810 appintentsnltrainingprocessor[87264:477094701] Parsing options for appintentsnltrainingprocessor
2026-08-01 23:52:21.811 appintentsnltrainingprocessor[87264:477094701] Starting AppIntents SSU YAML Generation
2026-08-01 23:52:21.811 appintentsnltrainingprocessor[87264:477094701] No AppShortcuts found - Skipping.

RegisterExecutionPolicyException /Users/kunchen/.no-mistakes/worktrees/5110830afc02/01KZ0KS1S4XXSH47HG72R29XRH/.build/no-mistakes-release-validation/Build/Products/Release-iphoneos/EddysWallet.app (in target 'EddysWallet' from project 'EddysWallet')
    cd /Users/kunchen/.no-mistakes/worktrees/5110830afc02/01KZ0KS1S4XXSH47HG72R29XRH
    builtin-RegisterExecutionPolicyException /Users/kunchen/.no-mistakes/worktrees/5110830afc02/01KZ0KS1S4XXSH47HG72R29XRH/.build/no-mistakes-release-validation/Build/Products/Release-iphoneos/EddysWallet.app

Validate /Users/kunchen/.no-mistakes/worktrees/5110830afc02/01KZ0KS1S4XXSH47HG72R29XRH/.build/no-mistakes-release-validation/Build/Products/Release-iphoneos/EddysWallet.app (in target 'EddysWallet' from project 'EddysWallet')
    cd /Users/kunchen/.no-mistakes/worktrees/5110830afc02/01KZ0KS1S4XXSH47HG72R29XRH
    builtin-validationUtility /Users/kunchen/.no-mistakes/worktrees/5110830afc02/01KZ0KS1S4XXSH47HG72R29XRH/.build/no-mistakes-release-validation/Build/Products/Release-iphoneos/EddysWallet.app -shallow-bundle -infoplist-subpath Info.plist

Touch /Users/kunchen/.no-mistakes/worktrees/5110830afc02/01KZ0KS1S4XXSH47HG72R29XRH/.build/no-mistakes-release-validation/Build/Products/Release-iphoneos/EddysWallet.app (in target 'EddysWallet' from project 'EddysWallet')
    cd /Users/kunchen/.no-mistakes/worktrees/5110830afc02/01KZ0KS1S4XXSH47HG72R29XRH
    /usr/bin/touch -c /Users/kunchen/.no-mistakes/worktrees/5110830afc02/01KZ0KS1S4XXSH47HG72R29XRH/.build/no-mistakes-release-validation/Build/Products/Release-iphoneos/EddysWallet.app

** BUILD SUCCEEDED **

